"species","major_group"
"Acroteriobatus annulatus","ray"
"Acroteriobatus blochii","ray"
"Acroteriobatus leucospilus","ray"
"Acroteriobatus ocellatus","ray"
"Acroteriobatus salalah","ray"
"Acroteriobatus variegatus","ray"
"Acroteriobatus zanzibarensis","ray"
"Aculeola nigra","shark"
"Aetobatus flagellum","ray"
"Aetobatus narinari","ray"
"Aetomylaeus maculatus","ray"
"Aetomylaeus nichofii","ray"
"Aetomylaeus vespertilio","ray"
"Alopias pelagicus","shark"
"Alopias superciliosus","shark"
"Alopias vulpinus","shark"
"Amblyraja badia","ray"
"Amblyraja doellojuradoi","ray"
"Amblyraja frerichsi","ray"
"Amblyraja georgiana","ray"
"Amblyraja hyperborea","ray"
"Amblyraja jenseni","ray"
"Amblyraja radiata","ray"
"Amblyraja reversa","ray"
"Amblyraja robertsi","ray"
"Amblyraja taaf","ray"
"Anacanthobatis americanus","ray"
"Anacanthobatis donghaiensis","ray"
"Anacanthobatis folirostris","ray"
"Anacanthobatis longirostris","ray"
"Anacanthobatis marmoratus","ray"
"Anacanthobatis nanhaiensis","ray"
"Anacanthobatis ori","ray"
"Anacanthobatis stenosoma","ray"
"Anoxypristis cuspidata","ray"
"Apristurus albisoma","shark"
"Apristurus ampliceps","shark"
"Apristurus aphyodes","shark"
"Apristurus australis","shark"
"Apristurus brunneus","shark"
"Apristurus bucephalus","shark"
"Apristurus canutus","shark"
"Apristurus exsanguis","shark"
"Apristurus fedorovi","shark"
"Apristurus gibbosus","shark"
"Apristurus herklotsi","shark"
"Apristurus indicus","shark"
"Apristurus internatus","shark"
"Apristurus investigatoris","shark"
"Apristurus japonicus","shark"
"Apristurus kampae","shark"
"Apristurus laurussonii","shark"
"Apristurus longicephalus","shark"
"Apristurus macrorhynchus","shark"
"Apristurus macrostomus","shark"
"Apristurus manis","shark"
"Apristurus melanoasper","shark"
"Apristurus microps","shark"
"Apristurus micropterygeus","shark"
"Apristurus nasutus","shark"
"Apristurus parvipinnis","shark"
"Apristurus pinguis","shark"
"Apristurus platyrhynchus","shark"
"Apristurus profundorum","shark"
"Apristurus riveri","shark"
"Apristurus saldanha","shark"
"Apristurus sibogae","shark"
"Apristurus sinensis","shark"
"Apristurus spongiceps","shark"
"Apristurus stenseni","shark"
"Aptychotrema rostrata","ray"
"Aptychotrema timorensis","ray"
"Aptychotrema vincentiana","ray"
"Arhynchobatis asperrimus","ray"
"Asymbolus analis","shark"
"Asymbolus funebris","shark"
"Asymbolus galacticus","shark"
"Asymbolus occiduus","shark"
"Asymbolus pallidus","shark"
"Asymbolus parvus","shark"
"Asymbolus rubiginosus","shark"
"Asymbolus submaculatus","shark"
"Asymbolus vincenti","shark"
"Atelomycterus baliensis","shark"
"Atelomycterus fasciatus","shark"
"Atelomycterus macleayi","shark"
"Atelomycterus marmoratus","shark"
"Atelomycterus marnkalha","shark"
"Atlantoraja castelnaui","ray"
"Atlantoraja cyclophora","ray"
"Atlantoraja platana","ray"
"Aulohalaelurus kanakorum","shark"
"Aulohalaelurus labiosus","shark"
"Bathyraja abyssicola","ray"
"Bathyraja aguja","ray"
"Bathyraja aleutica","ray"
"Bathyraja andriashevi","ray"
"Bathyraja bergi","ray"
"Bathyraja brachyurops","ray"
"Bathyraja cousseauae","ray"
"Bathyraja diplotaenia","ray"
"Bathyraja eatonii","ray"
"Bathyraja fedorovi","ray"
"Bathyraja griseocauda","ray"
"Bathyraja hesperafricana","ray"
"Bathyraja irrasa","ray"
"Bathyraja ishiharai","ray"
"Bathyraja isotrachys","ray"
"Bathyraja kincaidii","ray"
"Bathyraja leucomelanos","ray"
"Bathyraja lindbergi","ray"
"Bathyraja longicauda","ray"
"Bathyraja maccaini","ray"
"Bathyraja maculata","ray"
"Bathyraja mariposa","ray"
"Bathyraja matsubarai","ray"
"Bathyraja meridionalis","ray"
"Bathyraja microtrachys","ray"
"Bathyraja minispinosa","ray"
"Bathyraja notoroensis","ray"
"Bathyraja pallida","ray"
"Bathyraja panthera","ray"
"Bathyraja papilionifera","ray"
"Bathyraja parmifera","ray"
"Bathyraja peruana","ray"
"Bathyraja richardsoni","ray"
"Bathyraja scaphiops","ray"
"Bathyraja schroederi","ray"
"Bathyraja shuntovi","ray"
"Bathyraja simoterus","ray"
"Bathyraja smirnovi","ray"
"Bathyraja smithii","ray"
"Bathyraja spinicauda","ray"
"Bathyraja spinosissima","ray"
"Bathyraja trachouros","ray"
"Bathyraja trachura","ray"
"Bathyraja tunae","ray"
"Bathyraja tzinovskii","ray"
"Bathyraja violacea","ray"
"Benthobatis kreffti","ray"
"Benthobatis marcida","ray"
"Benthobatis moresbyi","ray"
"Benthobatis yangi","ray"
"Beringraja binoculata","ray"
"Beringraja pulchra","ray"
"Brachaelurus colcloughi","shark"
"Brachaelurus waddi","shark"
"Breviraja claramaculata","ray"
"Breviraja colesi","ray"
"Breviraja nigriventralis","ray"
"Breviraja spinosa","ray"
"Brochiraja aenigma","ray"
"Brochiraja albilabiata","ray"
"Brochiraja asperula","ray"
"Brochiraja heuresa","ray"
"Brochiraja leviveneta","ray"
"Brochiraja microspinifera","ray"
"Brochiraja spinifera","ray"
"Brochiraja vittacauda","ray"
"Bythaelurus alcockii","shark"
"Bythaelurus canescens","shark"
"Bythaelurus clevai","shark"
"Bythaelurus dawsoni","shark"
"Bythaelurus giddingsi","shark"
"Bythaelurus hispidus","shark"
"Bythaelurus immaculatus","shark"
"Bythaelurus incanus","shark"
"Bythaelurus lutarius","shark"
"Callorhinchus callorynchus","chimaera"
"Callorhinchus capensis","chimaera"
"Callorhinchus milii","chimaera"
"Carcharhinus acronotus","shark"
"Carcharhinus albimarginatus","shark"
"Carcharhinus altimus","shark"
"Carcharhinus amblyrhynchoides","shark"
"Carcharhinus amblyrhynchos","shark"
"Carcharhinus amboinensis","shark"
"Carcharhinus borneensis","shark"
"Carcharhinus brachyurus","shark"
"Carcharhinus brevipinna","shark"
"Carcharhinus cautus","shark"
"Carcharhinus cerdale","shark"
"Carcharhinus coatesi","shark"
"Carcharhinus dussumieri","shark"
"Carcharhinus falciformis","shark"
"Carcharhinus fitzroyensis","shark"
"Carcharhinus galapagensis","shark"
"Carcharhinus hemiodon","shark"
"Carcharhinus isodon","shark"
"Carcharhinus leiodon","shark"
"Carcharhinus leucas","shark"
"Carcharhinus limbatus","shark"
"Carcharhinus longimanus","shark"
"Carcharhinus macloti","shark"
"Carcharhinus melanopterus","shark"
"Carcharhinus obscurus","shark"
"Carcharhinus perezii","shark"
"Carcharhinus plumbeus","shark"
"Carcharhinus porosus","shark"
"Carcharhinus sealei","shark"
"Carcharhinus signatus","shark"
"Carcharhinus sorrah","shark"
"Carcharhinus tilstoni","shark"
"Carcharhinus tjutjot","shark"
"Carcharhinus wheeleri","shark"
"Carcharias taurus","shark"
"Carcharodon carcharias","shark"
"Centrophorus atromarginatus","shark"
"Centrophorus granulosus","shark"
"Centrophorus harrissoni","shark"
"Centrophorus isodon","shark"
"Centrophorus lusitanicus","shark"
"Centrophorus moluccensis","shark"
"Centrophorus seychellorum","shark"
"Centrophorus squamosus","shark"
"Centrophorus tessellatus","shark"
"Centrophorus westraliensis","shark"
"Centrophorus zeehaani","shark"
"Centroscyllium excelsum","shark"
"Centroscyllium fabricii","shark"
"Centroscyllium granulatum","shark"
"Centroscyllium kamoharai","shark"
"Centroscyllium nigrum","shark"
"Centroscyllium ornatum","shark"
"Centroscyllium ritteri","shark"
"Centroscymnus coelolepis","shark"
"Centroscymnus owstonii","shark"
"Centroselachus crepidater","shark"
"Cephaloscyllium albipinnum","shark"
"Cephaloscyllium cooki","shark"
"Cephaloscyllium fasciatum","shark"
"Cephaloscyllium hiscosellum","shark"
"Cephaloscyllium isabellum","shark"
"Cephaloscyllium laticeps","shark"
"Cephaloscyllium maculatum","shark"
"Cephaloscyllium pardelotum","shark"
"Cephaloscyllium pictum","shark"
"Cephaloscyllium sarawakensis","shark"
"Cephaloscyllium signourum","shark"
"Cephaloscyllium silasi","shark"
"Cephaloscyllium speccum","shark"
"Cephaloscyllium stevensi","shark"
"Cephaloscyllium sufflans","shark"
"Cephaloscyllium umbratile","shark"
"Cephaloscyllium variegatum","shark"
"Cephaloscyllium ventriosum","shark"
"Cephaloscyllium zebrum","shark"
"Cephalurus cephalus","shark"
"Cetorhinus maximus","shark"
"Chaenogaleus macrostoma","shark"
"Chiloscyllium arabicum","shark"
"Chiloscyllium burmensis","shark"
"Chiloscyllium griseum","shark"
"Chiloscyllium hasseltii","shark"
"Chiloscyllium indicum","shark"
"Chiloscyllium plagiosum","shark"
"Chiloscyllium punctatum","shark"
"Chimaera argiloba","chimaera"
"Chimaera bahamaensis","chimaera"
"Chimaera cubana","chimaera"
"Chimaera fulva","chimaera"
"Chimaera jordani","chimaera"
"Chimaera lignaria","chimaera"
"Chimaera macrospina","chimaera"
"Chimaera monstrosa","chimaera"
"Chimaera notafricana","chimaera"
"Chimaera obscura","chimaera"
"Chimaera opalescens","chimaera"
"Chimaera owstoni","chimaera"
"Chimaera panthera","chimaera"
"Chimaera phantasma","chimaera"
"Chlamydoselachus africana","shark"
"Chlamydoselachus anguineus","shark"
"Cirrhigaleus asper","shark"
"Cirrhigaleus australis","shark"
"Cirrhigaleus barbifer","shark"
"Cirrhoscyllium expolitum","shark"
"Cirrhoscyllium formosanum","shark"
"Cirrhoscyllium japonicum","shark"
"Crassinarke dormitor","ray"
"Cruriraja andamanica","ray"
"Cruriraja atlantis","ray"
"Cruriraja cadenati","ray"
"Cruriraja durbanensis","ray"
"Cruriraja hulleyi","ray"
"Cruriraja parcomaculata","ray"
"Cruriraja poeyi","ray"
"Cruriraja rugosa","ray"
"Ctenacis fehlmanni","shark"
"Dactylobatus armatus","ray"
"Dactylobatus clarkii","ray"
"Dalatias licha","shark"
"Dasyatis acutirostra","ray"
"Dasyatis akajei","ray"
"Dasyatis americana","ray"
"Dasyatis bennetti","ray"
"Dasyatis brevicaudata","ray"
"Dasyatis centroura","ray"
"Dasyatis chrysonota","ray"
"Dasyatis colarensis","ray"
"Dasyatis dipterura","ray"
"Dasyatis fluviorum","ray"
"Dasyatis garouaensis","unknown"
"Dasyatis geijskesi","ray"
"Dasyatis gigantea","ray"
"Dasyatis guttata","ray"
"Dasyatis hastata","ray"
"Dasyatis hypostigma","ray"
"Dasyatis izuensis","ray"
"Dasyatis laevigata","ray"
"Dasyatis laosensis","unknown"
"Dasyatis lata","ray"
"Dasyatis longa","ray"
"Dasyatis margarita","ray"
"Dasyatis margaritella","ray"
"Dasyatis marianae","ray"
"Dasyatis marmorata","ray"
"Dasyatis matsubarai","ray"
"Dasyatis microps","ray"
"Dasyatis multispinosa","ray"
"Dasyatis navarrae","ray"
"Dasyatis parvonigra","ray"
"Dasyatis pastinaca","ray"
"Dasyatis rudis","ray"
"Dasyatis sabina","ray"
"Dasyatis say","ray"
"Dasyatis sinensis","ray"
"Dasyatis thetidis","ray"
"Dasyatis tortonesei","ray"
"Dasyatis ushiei","ray"
"Dasyatis zugei","ray"
"Deania calcea","shark"
"Deania hystricosa","shark"
"Deania profundorum","shark"
"Deania quadrispinosa","shark"
"Dentiraja flindersi","ray"
"Dentiraja lemprieri","ray"
"Diplobatis colombiensis","ray"
"Diplobatis guamachensis","ray"
"Diplobatis ommata","ray"
"Diplobatis pictus","ray"
"Dipturus acrobelus","ray"
"Dipturus apricus","ray"
"Dipturus australis","ray"
"Dipturus batis","ray"
"Dipturus bullisi","ray"
"Dipturus campbelli","ray"
"Dipturus canutus","ray"
"Dipturus cerva","ray"
"Dipturus confusus","ray"
"Dipturus crosnieri","ray"
"Dipturus doutrei","ray"
"Dipturus ecuadoriensis","ray"
"Dipturus endeavouri","ray"
"Dipturus falloargus","ray"
"Dipturus flavirostris","ray"
"Dipturus garricki","ray"
"Dipturus gigas","ray"
"Dipturus grahami","ray"
"Dipturus gudgeri","ray"
"Dipturus healdi","ray"
"Dipturus innominatus","ray"
"Dipturus intermedia","unknown"
"Dipturus johannisdavesi","ray"
"Dipturus kwangtungensis","ray"
"Dipturus laevis","ray"
"Dipturus lanceorostratus","ray"
"Dipturus leptocaudus","ray"
"Dipturus macrocauda","ray"
"Dipturus melanospilus","ray"
"Dipturus mennii","ray"
"Dipturus nidarosiensis","ray"
"Dipturus oculus","ray"
"Dipturus olseni","ray"
"Dipturus oregoni","ray"
"Dipturus oxyrinchus","ray"
"Dipturus polyommata","ray"
"Dipturus pullopunctata","ray"
"Dipturus queenslandicus","ray"
"Dipturus springeri","ray"
"Dipturus stenorhynchus","ray"
"Dipturus teevani","ray"
"Dipturus tengu","ray"
"Dipturus trachydermus","ray"
"Dipturus wengi","ray"
"Dipturus wuhanlingi","ray"
"Discopyge castelloi","ray"
"Discopyge tschudii","ray"
"Echinorhinus brucus","shark"
"Echinorhinus cookei","shark"
"Electrolux addisoni","ray"
"Eridacnis barbouri","shark"
"Eridacnis radcliffei","shark"
"Eridacnis sinuans","shark"
"Etmopterus bigelowi","shark"
"Etmopterus brachyurus","shark"
"Etmopterus bullisi","shark"
"Etmopterus burgessi","shark"
"Etmopterus carteri","shark"
"Etmopterus caudistigmus","shark"
"Etmopterus compagnoi","shark"
"Etmopterus decacuspidatus","shark"
"Etmopterus dianthus","shark"
"Etmopterus dislineatus","shark"
"Etmopterus evansi","shark"
"Etmopterus fusus","shark"
"Etmopterus gracilispinis","shark"
"Etmopterus granulosus","shark"
"Etmopterus hillianus","shark"
"Etmopterus joungi","shark"
"Etmopterus litvinovi","shark"
"Etmopterus lucifer","shark"
"Etmopterus molleri","shark"
"Etmopterus perryi","shark"
"Etmopterus polli","shark"
"Etmopterus princeps","shark"
"Etmopterus pseudosqualiolus","shark"
"Etmopterus pusillus","shark"
"Etmopterus pycnolepis","shark"
"Etmopterus robinsi","shark"
"Etmopterus schmidti","unknown"
"Etmopterus schultzi","shark"
"Etmopterus sculptus","shark"
"Etmopterus sentosus","shark"
"Etmopterus sheikoi","shark"
"Etmopterus spinax","shark"
"Etmopterus splendidus","shark"
"Etmopterus unicolor","shark"
"Etmopterus viator","shark"
"Etmopterus villosus","shark"
"Etmopterus virens","shark"
"Eucrossorhinus dasypogon","shark"
"Euprotomicroides zantedeschia","shark"
"Euprotomicrus bispinatus","shark"
"Eusphyra blochii","shark"
"Fenestraja atripinna","ray"
"Fenestraja cubensis","ray"
"Fenestraja ishiyamai","ray"
"Fenestraja maceachrani","ray"
"Fenestraja mamillidens","ray"
"Fenestraja plutonia","ray"
"Fenestraja sibogae","ray"
"Fenestraja sinusmexicanus","ray"
"Figaro boardmani","shark"
"Figaro striatus","shark"
"Furgaleus macki","shark"
"Galeocerdo cuvier","shark"
"Galeorhinus galeus","shark"
"Galeus antillensis","shark"
"Galeus arae","shark"
"Galeus atlanticus","shark"
"Galeus cadenati","shark"
"Galeus eastmani","shark"
"Galeus gracilis","shark"
"Galeus longirostris","shark"
"Galeus melastomus","shark"
"Galeus mincaronei","shark"
"Galeus murinus","shark"
"Galeus nipponensis","shark"
"Galeus piperatus","shark"
"Galeus polli","shark"
"Galeus priapus","shark"
"Galeus sauteri","shark"
"Galeus schultzi","shark"
"Galeus springeri","shark"
"Ginglymostoma cirratum","shark"
"Glaucostegus cemiculus","ray"
"Glaucostegus granulatus","ray"
"Glaucostegus halavi","ray"
"Glaucostegus microphthalmus","ray"
"Glaucostegus obtusus","ray"
"Glaucostegus spinosus","ray"
"Glaucostegus thouin","ray"
"Glaucostegus typus","ray"
"Glyphis fowlerae","unknown"
"Glyphis gangeticus","shark"
"Glyphis garricki","shark"
"Glyphis glyphis","shark"
"Glyphis siamensis","shark"
"Glyphis sp.1","unknown"
"Gogolia filewoodi","shark"
"Gollum attenuatus","shark"
"Gollum suluensis","shark"
"Gurgesiella atlantica","ray"
"Gurgesiella dorsalifera","ray"
"Gurgesiella furvescens","ray"
"Gymnura afuerae","ray"
"Gymnura altavela","ray"
"Gymnura australis","ray"
"Gymnura bimaculata","ray"
"Gymnura crebripunctata","ray"
"Gymnura crooki","ray"
"Gymnura hirundo","ray"
"Gymnura japonica","ray"
"Gymnura marmorata","ray"
"Gymnura micrura","ray"
"Gymnura natalensis","ray"
"Gymnura poecilura","ray"
"Gymnura tentaculata","ray"
"Gymnura zonura","ray"
"Halaelurus boesemani","shark"
"Halaelurus buergeri","shark"
"Halaelurus lineatus","shark"
"Halaelurus maculosus","shark"
"Halaelurus natalensis","shark"
"Halaelurus quagga","shark"
"Halaelurus sellus","shark"
"Haploblepharus edwardsii","shark"
"Haploblepharus fuscus","shark"
"Haploblepharus kistnasamyi","shark"
"Haploblepharus pictus","shark"
"Harriotta haeckeli","chimaera"
"Harriotta raleighana","chimaera"
"Heliotrygon gomesi","unknown"
"Heliotrygon rosai","unknown"
"Hemigaleus australiensis","shark"
"Hemigaleus microstoma","shark"
"Hemipristis elongata","shark"
"Hemiscyllium freycineti","shark"
"Hemiscyllium galei","shark"
"Hemiscyllium hallstromi","shark"
"Hemiscyllium henryi","shark"
"Hemiscyllium michaeli","shark"
"Hemiscyllium ocellatum","shark"
"Hemiscyllium strahani","shark"
"Hemiscyllium trispeculare","shark"
"Hemitriakis abdita","shark"
"Hemitriakis complicofasciata","shark"
"Hemitriakis falcata","shark"
"Hemitriakis indroyonoi","shark"
"Hemitriakis japanica","shark"
"Hemitriakis leucoperiptera","shark"
"Heptranchias perlo","shark"
"Heterodontus francisci","shark"
"Heterodontus galeatus","shark"
"Heterodontus japonicus","shark"
"Heterodontus mexicanus","shark"
"Heterodontus omanensis","shark"
"Heterodontus portusjacksoni","shark"
"Heterodontus quoyi","shark"
"Heterodontus ramalheira","shark"
"Heterodontus zebra","shark"
"Heteronarce bentuviai","ray"
"Heteronarce garmani","ray"
"Heteronarce mollis","ray"
"Heteronarce prabhui","ray"
"Heteroscymnoides marleyi","shark"
"Hexanchus griseus","shark"
"Hexanchus nakamurai","shark"
"Hexanchus vitulus","shark"
"Hexatrygon bickelli","ray"
"Himantura astra","ray"
"Himantura dalyensis","ray"
"Himantura fai","ray"
"Himantura gerrardi","ray"
"Himantura granulata","ray"
"Himantura hortlei","ray"
"Himantura imbricata","ray"
"Himantura jenkinsii","ray"
"Himantura kittipongi","unknown"
"Himantura leoparda","ray"
"Himantura lobistoma","ray"
"Himantura marginata","ray"
"Himantura oxyrhyncha","ray"
"Himantura pacifica","ray"
"Himantura pastinacoides","ray"
"Himantura polylepis","ray"
"Himantura randalli","ray"
"Himantura schmardae","ray"
"Himantura signifer","ray"
"Himantura toshi","ray"
"Himantura uarnacoides","ray"
"Himantura uarnak","ray"
"Himantura undulata","ray"
"Himantura walga","ray"
"Holohalaelurus favus","shark"
"Holohalaelurus grennian","shark"
"Holohalaelurus melanostigma","shark"
"Holohalaelurus punctatus","shark"
"Holohalaelurus regani","shark"
"Hongeo koreana","ray"
"Hydrolagus affinis","chimaera"
"Hydrolagus africanus","chimaera"
"Hydrolagus alberti","chimaera"
"Hydrolagus alphus","chimaera"
"Hydrolagus barbouri","chimaera"
"Hydrolagus bemisi","chimaera"
"Hydrolagus colliei","chimaera"
"Hydrolagus deani","chimaera"
"Hydrolagus eidolon","chimaera"
"Hydrolagus homonycteris","chimaera"
"Hydrolagus lemures","chimaera"
"Hydrolagus lusitanicus","chimaera"
"Hydrolagus macrophthalmus","chimaera"
"Hydrolagus marmoratus","chimaera"
"Hydrolagus matallanasi","chimaera"
"Hydrolagus mccoskeri","chimaera"
"Hydrolagus melanophasma","chimaera"
"Hydrolagus mirabilis","chimaera"
"Hydrolagus mitsukurii","chimaera"
"Hydrolagus novaezealandiae","chimaera"
"Hydrolagus ogilbyi","chimaera"
"Hydrolagus pallidus","chimaera"
"Hydrolagus purpurescens","chimaera"
"Hydrolagus trolli","chimaera"
"Hypnos monopterygius","ray"
"Hypogaleus hyugaensis","shark"
"Iago garricki","shark"
"Iago omanensis","shark"
"Insentiraja laxipella","ray"
"Insentiraja subtilispinosa","ray"
"Irolita waitii","ray"
"Irolita westraliensis","ray"
"Isistius brasiliensis","shark"
"Isistius labialis","shark"
"Isistius plutodus","shark"
"Isogomphodon oxyrhynchus","shark"
"Isurus oxyrinchus","shark"
"Isurus paucus","shark"
"Lamiopsis temminckii","shark"
"Lamiopsis tephrodes","shark"
"Lamna ditropis","shark"
"Lamna nasus","shark"
"Leptocharias smithii","shark"
"Leucoraja caribbaea","ray"
"Leucoraja circularis","ray"
"Leucoraja compagnoi","ray"
"Leucoraja erinacea","ray"
"Leucoraja fullonica","ray"
"Leucoraja garmani","ray"
"Leucoraja lentiginosa","ray"
"Leucoraja leucosticta","ray"
"Leucoraja melitensis","ray"
"Leucoraja naevus","ray"
"Leucoraja ocellata","ray"
"Leucoraja pristispina","ray"
"Leucoraja virginica","ray"
"Leucoraja wallacei","ray"
"Leucoraja yucatanensis","ray"
"Loxodon macrorhinus","shark"
"Makararaja chindwinensis","unknown"
"Malacoraja kreffti","ray"
"Malacoraja obscura","ray"
"Malacoraja senta","ray"
"Malacoraja spinacidermis","ray"
"Manta alfredi","ray"
"Manta birostris","ray"
"Megachasma pelagios","shark"
"Mitsukurina owstoni","shark"
"Mobula diabolus","ray"
"Mobula eregoodootenkee","ray"
"Mobula hypostoma","ray"
"Mobula japanica","ray"
"Mobula kuhlii","ray"
"Mobula mobular","ray"
"Mobula munkiana","ray"
"Mobula rochebrunei","ray"
"Mobula tarapacana","ray"
"Mobula thurstoni","ray"
"Mollisquama parini","shark"
"Mustelus albipinnis","shark"
"Mustelus antarcticus","shark"
"Mustelus asterias","shark"
"Mustelus californicus","shark"
"Mustelus canis","shark"
"Mustelus dorsalis","shark"
"Mustelus fasciatus","shark"
"Mustelus griseus","shark"
"Mustelus henlei","shark"
"Mustelus higmani","shark"
"Mustelus lenticulatus","shark"
"Mustelus lunulatus","shark"
"Mustelus manazo","shark"
"Mustelus mangalorensis","shark"
"Mustelus mento","shark"
"Mustelus minicanis","shark"
"Mustelus mosis","shark"
"Mustelus mustelus","shark"
"Mustelus norrisi","shark"
"Mustelus palumbes","shark"
"Mustelus punctulatus","shark"
"Mustelus ravidus","shark"
"Mustelus schmitti","shark"
"Mustelus sinusmexicanus","shark"
"Mustelus stevensi","shark"
"Mustelus walkeri","shark"
"Mustelus whitneyi","shark"
"Mustelus widodoi","shark"
"Myliobatis aquila","ray"
"Myliobatis australis","ray"
"Myliobatis californicus","ray"
"Myliobatis chilensis","ray"
"Myliobatis freminvillei","ray"
"Myliobatis goodei","ray"
"Myliobatis hamlyni","ray"
"Myliobatis longirostris","ray"
"Myliobatis peruvianus","ray"
"Myliobatis rhombus","unknown"
"Myliobatis ridens","ray"
"Myliobatis tenuicaudatus","ray"
"Myliobatis tobijei","ray"
"Narcine atzi","ray"
"Narcine bancroftii","ray"
"Narcine bicolor","unknown"
"Narcine brasiliensis","ray"
"Narcine brevilabiata","ray"
"Narcine brunnea","ray"
"Narcine entemedor","ray"
"Narcine firma","ray"
"Narcine insolita","ray"
"Narcine lasti","ray"
"Narcine leoparda","ray"
"Narcine lingula","ray"
"Narcine maculata","ray"
"Narcine nelsoni","ray"
"Narcine nigra","unknown"
"Narcine oculifera","ray"
"Narcine ornata","ray"
"Narcine prodorsalis","ray"
"Narcine rierai","ray"
"Narcine tasmaniensis","ray"
"Narcine timlei","ray"
"Narcine vermiculatus","ray"
"Narcine westraliensis","ray"
"Narke capensis","ray"
"Narke dipterygia","ray"
"Narke japonica","ray"
"Nasolamia velox","shark"
"Nebrius ferrugineus","shark"
"Negaprion acutidens","shark"
"Negaprion brevirostris","shark"
"Neoharriotta carri","chimaera"
"Neoharriotta pinnata","chimaera"
"Neoharriotta pumila","chimaera"
"Neoraja africana","ray"
"Neoraja caerulea","ray"
"Neoraja carolinensis","ray"
"Neoraja iberica","ray"
"Neoraja stehmanni","ray"
"Neotrygon annotata","ray"
"Neotrygon kuhlii","ray"
"Neotrygon leylandi","ray"
"Neotrygon ningalooensis","ray"
"Neotrygon picta","ray"
"Notoraja alisae","ray"
"Notoraja azurea","ray"
"Notoraja fijiensis","ray"
"Notoraja hirticauda","ray"
"Notoraja inusitata","ray"
"Notoraja lira","ray"
"Notoraja longiventralis","ray"
"Notoraja ochroderma","ray"
"Notoraja sapphira","ray"
"Notoraja sticta","ray"
"Notoraja tobitukai","ray"
"Notorynchus cepedianus","shark"
"Odontaspis ferox","shark"
"Odontaspis noronhai","shark"
"Okamejei acutispina","ray"
"Okamejei arafurensis","ray"
"Okamejei boesemani","ray"
"Okamejei cairae","ray"
"Okamejei heemstrai","ray"
"Okamejei hollandi","ray"
"Okamejei jensenae","ray"
"Okamejei kenojei","ray"
"Okamejei leptoura","ray"
"Okamejei meerdervoortii","ray"
"Okamejei mengae","ray"
"Okamejei philipi","ray"
"Okamejei pita","ray"
"Okamejei porosa","unknown"
"Okamejei powelli","ray"
"Okamejei schmidti","ray"
"Orectolobus floridus","shark"
"Orectolobus halei","shark"
"Orectolobus hutchinsi","shark"
"Orectolobus japonicus","shark"
"Orectolobus leptolineatus","shark"
"Orectolobus maculatus","shark"
"Orectolobus ornatus","shark"
"Orectolobus parvimaculatus","shark"
"Orectolobus reticulatus","shark"
"Orectolobus wardi","shark"
"Oxynotus bruniensis","shark"
"Oxynotus caribbaeus","shark"
"Oxynotus centrina","shark"
"Oxynotus japonicus","shark"
"Oxynotus paradoxus","shark"
"Paragaleus leucolomatus","shark"
"Paragaleus pectoralis","shark"
"Paragaleus randalli","shark"
"Paragaleus tengi","shark"
"Parascyllium collare","shark"
"Parascyllium elongatum","shark"
"Parascyllium ferrugineum","shark"
"Parascyllium sparsimaculatum","shark"
"Parascyllium variolatum","shark"
"Paratrygon aiereba","unknown"
"Parmaturus albimarginatus","shark"
"Parmaturus albipenis","shark"
"Parmaturus bigus","shark"
"Parmaturus campechiensis","shark"
"Parmaturus lanatus","shark"
"Parmaturus macmillani","shark"
"Parmaturus melanobranchus","shark"
"Parmaturus pilosus","shark"
"Parmaturus sp.","unknown"
"Parmaturus xaniurus","shark"
"Pastinachus atrus","ray"
"Pastinachus gracilicaudus","ray"
"Pastinachus sephen","ray"
"Pastinachus solocirostris","ray"
"Pastinachus stellurostris","ray"
"Pavoraja alleni","ray"
"Pavoraja arenaria","ray"
"Pavoraja mosaica","ray"
"Pavoraja nitida","ray"
"Pavoraja pseudonitida","ray"
"Pavoraja umbrosa","ray"
"Pentanchus profundicolus","shark"
"Planonasus parini","shark"
"Platyrhina hyugaensis","ray"
"Platyrhina sinensis","ray"
"Platyrhina tangi","ray"
"Platyrhinoidis triseriata","ray"
"Plesiobatis daviesi","ray"
"Plesiotrygon iwamae","unknown"
"Plesiotrygon nana","unknown"
"Pliotrema warreni","shark"
"Poroderma africanum","shark"
"Poroderma pantherinum","shark"
"Potamotrygon boesemani","unknown"
"Potamotrygon brachyura","unknown"
"Potamotrygon castexi","unknown"
"Potamotrygon constellata","unknown"
"Potamotrygon dumerilii","unknown"
"Potamotrygon falkneri","unknown"
"Potamotrygon henlei","unknown"
"Potamotrygon humerosa","unknown"
"Potamotrygon hystrix","unknown"
"Potamotrygon leopoldi","unknown"
"Potamotrygon magdalenae","unknown"
"Potamotrygon marinae","unknown"
"Potamotrygon motoro","unknown"
"Potamotrygon ocellata","unknown"
"Potamotrygon orbignyi","unknown"
"Potamotrygon schroederi","unknown"
"Potamotrygon schuemacheri","unknown"
"Potamotrygon scobina","unknown"
"Potamotrygon signata","unknown"
"Potamotrygon tatianae","unknown"
"Potamotrygon tigrina","unknown"
"Potamotrygon yepezi","unknown"
"Prionace glauca","shark"
"Pristiophorus cirratus","shark"
"Pristiophorus delicatus","shark"
"Pristiophorus japonicus","shark"
"Pristiophorus nancyae","shark"
"Pristiophorus nudipinnis","shark"
"Pristiophorus schroederi","shark"
"Pristis clavata","ray"
"Pristis pectinata","ray"
"Pristis pristis","ray"
"Pristis zijsron","ray"
"Proscyllium habereri","shark"
"Proscyllium magnificum","shark"
"Proscyllium venustum","shark"
"Proscymnodon macracanthus","shark"
"Proscymnodon plunketi","shark"
"Psammobatis bergi","ray"
"Psammobatis extenta","ray"
"Psammobatis lentiginosa","ray"
"Psammobatis normani","ray"
"Psammobatis parvacauda","ray"
"Psammobatis rudis","ray"
"Psammobatis rutrum","ray"
"Psammobatis scobina","ray"
"Pseudocarcharias kamoharai","shark"
"Pseudoginglymostoma brevicaudatum","shark"
"Pseudoraja fischeri","ray"
"Pseudotriakis microdon","shark"
"Pteromylaeus asperrimus","ray"
"Pteromylaeus bovinus","ray"
"Pteroplatytrygon violacea","ray"
"Raja ackleyi","ray"
"Raja africana","ray"
"Raja asterias","ray"
"Raja atriventralis","ray"
"Raja bahamensis","ray"
"Raja brachyura","ray"
"Raja cervigoni","ray"
"Raja chinensis","ray"
"Raja clavata","ray"
"Raja cortezensis","ray"
"Raja eglanteria","ray"
"Raja equatorialis","ray"
"Raja herwigi","ray"
"Raja inornata","ray"
"Raja macrorynchus","ray"
"Raja maderensis","ray"
"Raja microocellata","ray"
"Raja miraletus","ray"
"Raja montagui","ray"
"Raja polystigma","ray"
"Raja radula","ray"
"Raja rhina","ray"
"Raja rondeleti","ray"
"Raja rouxi","ray"
"Raja stellulata","ray"
"Raja straeleni","ray"
"Raja texana","ray"
"Raja undulata","ray"
"Raja velezi","ray"
"Rajella alia","unknown"
"Rajella annandalei","ray"
"Rajella barnardi","ray"
"Rajella bathyphila","ray"
"Rajella bigelowi","ray"
"Rajella caudaspinosa","ray"
"Rajella challengeri","ray"
"Rajella dissimilis","ray"
"Rajella eisenhardti","ray"
"Rajella fuliginea","ray"
"Rajella fyllae","ray"
"Rajella kukujevi","ray"
"Rajella leopardus","ray"
"Rajella lintea","ray"
"Rajella nigerrima","ray"
"Rajella purpuriventralis","ray"
"Rajella ravidula","ray"
"Rajella sadowskii","ray"
"Rhina ancylostoma","ray"
"Rhincodon typus","shark"
"Rhinobatos albomaculatus","ray"
"Rhinobatos annandalei","ray"
"Rhinobatos formosensis","ray"
"Rhinobatos glaucostigma","ray"
"Rhinobatos holcorhynchus","ray"
"Rhinobatos horkelii","ray"
"Rhinobatos hynnicephalus","ray"
"Rhinobatos irvinei","ray"
"Rhinobatos jimbaranensis","ray"
"Rhinobatos lentiginosus","ray"
"Rhinobatos leucorhynchus","ray"
"Rhinobatos lionotus","ray"
"Rhinobatos nudidorsalis","ray"
"Rhinobatos penggali","ray"
"Rhinobatos percellens","ray"
"Rhinobatos planiceps","ray"
"Rhinobatos prahli","ray"
"Rhinobatos productus","ray"
"Rhinobatos punctifer","ray"
"Rhinobatos rhinobatos","ray"
"Rhinobatos sainsburyi","ray"
"Rhinobatos schlegelii","ray"
"Rhinochimaera africana","chimaera"
"Rhinochimaera atlantica","chimaera"
"Rhinochimaera pacifica","chimaera"
"Rhinoptera adspersa","ray"
"Rhinoptera bonasus","ray"
"Rhinoptera brasiliensis","ray"
"Rhinoptera hainanensis","unknown"
"Rhinoptera javanica","ray"
"Rhinoptera jayakari","ray"
"Rhinoptera marginata","ray"
"Rhinoptera neglecta","ray"
"Rhinoptera peli","ray"
"Rhinoptera sewelli","ray"
"Rhinoptera steindachneri","ray"
"Rhinoraja albomaculata","ray"
"Rhinoraja kujiensis","ray"
"Rhinoraja longicauda","ray"
"Rhinoraja macloviana","ray"
"Rhinoraja magellanica","ray"
"Rhinoraja multispinis","ray"
"Rhinoraja murrayi","ray"
"Rhinoraja odai","ray"
"Rhinoraja taranetzi","ray"
"Rhizoprionodon acutus","shark"
"Rhizoprionodon lalandii","shark"
"Rhizoprionodon longurio","shark"
"Rhizoprionodon oligolinx","shark"
"Rhizoprionodon porosus","shark"
"Rhizoprionodon taylori","shark"
"Rhizoprionodon terraenovae","shark"
"Rhynchobatus australiae","ray"
"Rhynchobatus djiddensis","ray"
"Rhynchobatus laevis","ray"
"Rhynchobatus luebberti","ray"
"Rhynchobatus palpebratus","ray"
"Rhynchobatus springeri","ray"
"Rioraja agassizii","ray"
"Rostroraja alba","ray"
"Schroederichthys bivius","shark"
"Schroederichthys chilensis","shark"
"Schroederichthys maculatus","shark"
"Schroederichthys saurisqualus","shark"
"Schroederichthys tenuis","shark"
"Scoliodon laticaudus","shark"
"Scoliodon macrorhynchos","shark"
"Scyliorhinus besnardi","shark"
"Scyliorhinus boa","shark"
"Scyliorhinus canicula","shark"
"Scyliorhinus capensis","shark"
"Scyliorhinus cervigoni","shark"
"Scyliorhinus comoroensis","shark"
"Scyliorhinus garmani","shark"
"Scyliorhinus haeckelii","shark"
"Scyliorhinus hesperius","shark"
"Scyliorhinus meadi","shark"
"Scyliorhinus retifer","shark"
"Scyliorhinus stellaris","shark"
"Scyliorhinus tokubee","shark"
"Scyliorhinus torazame","shark"
"Scyliorhinus torrei","shark"
"Scylliogaleus quecketti","shark"
"Scymnodalatias albicauda","shark"
"Scymnodalatias garricki","shark"
"Scymnodalatias oligodon","shark"
"Scymnodalatias sherwoodi","shark"
"Scymnodon ringens","shark"
"Sinobatis borneensis","ray"
"Sinobatis bulbicauda","ray"
"Sinobatis caerulea","ray"
"Sinobatis filicauda","ray"
"Sinobatis melanosoma","ray"
"Somniosus antarcticus","shark"
"Somniosus longus","shark"
"Somniosus microcephalus","shark"
"Somniosus pacificus","shark"
"Somniosus rostratus","shark"
"Sphyrna corona","shark"
"Sphyrna lewini","shark"
"Sphyrna media","shark"
"Sphyrna mokarran","shark"
"Sphyrna tiburo","shark"
"Sphyrna tudes","shark"
"Sphyrna zygaena","shark"
"Spiniraja whitleyi","ray"
"Squaliolus aliae","shark"
"Squaliolus laticaudus","shark"
"Squalus acanthias","shark"
"Squalus albifrons","shark"
"Squalus altipinnis","shark"
"Squalus blainville","shark"
"Squalus brevirostris","shark"
"Squalus bucephalus","shark"
"Squalus chloroculus","shark"
"Squalus crassispinus","shark"
"Squalus cubensis","shark"
"Squalus edmundsi","shark"
"Squalus formosus","shark"
"Squalus grahami","shark"
"Squalus griffini","shark"
"Squalus hemipinnis","shark"
"Squalus japonicus","shark"
"Squalus lalannei","shark"
"Squalus megalops","shark"
"Squalus melanurus","shark"
"Squalus mitsukurii","shark"
"Squalus montalbani","shark"
"Squalus nasutus","shark"
"Squalus notocaudatus","shark"
"Squalus rancureli","shark"
"Squalus raoulensis","shark"
"Squalus suckleyi","shark"
"Squatina aculeata","shark"
"Squatina africana","shark"
"Squatina albipunctata","shark"
"Squatina argentina","shark"
"Squatina armata","shark"
"Squatina australis","shark"
"Squatina caillieti","shark"
"Squatina californica","shark"
"Squatina dumeril","shark"
"Squatina formosa","shark"
"Squatina guggenheim","shark"
"Squatina japonica","shark"
"Squatina legnota","shark"
"Squatina nebulosa","shark"
"Squatina occulta","shark"
"Squatina oculata","shark"
"Squatina pseudocellata","shark"
"Squatina squatina","shark"
"Squatina tergocellata","shark"
"Squatina tergocellatoides","shark"
"Stegostoma fasciatum","shark"
"Sutorectus tentaculatus","shark"
"Sympterygia acuta","ray"
"Sympterygia bonapartii","ray"
"Sympterygia brevicaudata","ray"
"Sympterygia lima","ray"
"Taeniura lymma","ray"
"Taeniurops grabata","ray"
"Taeniurops meyeni","ray"
"Temera hardwickii","ray"
"Torpedo adenensis","ray"
"Torpedo alexandrinsis","ray"
"Torpedo andersoni","ray"
"Torpedo bauchotae","ray"
"Torpedo californica","ray"
"Torpedo fairchildi","ray"
"Torpedo formosa","ray"
"Torpedo fuscomaculata","ray"
"Torpedo mackayana","ray"
"Torpedo macneilli","ray"
"Torpedo marmorata","ray"
"Torpedo microdiscus","ray"
"Torpedo nobiliana","ray"
"Torpedo panthera","ray"
"Torpedo peruana","ray"
"Torpedo polleni","ray"
"Torpedo puelcha","ray"
"Torpedo semipelagica","ray"
"Torpedo sinuspersici","ray"
"Torpedo suessii","ray"
"Torpedo tokionis","ray"
"Torpedo torpedo","ray"
"Torpedo tremens","ray"
"Torpedo zugmayeri","ray"
"Triaenodon obesus","shark"
"Triakis acutipinna","shark"
"Triakis maculata","shark"
"Triakis megalopterus","shark"
"Triakis scyllium","shark"
"Triakis semifasciata","shark"
"Trigonognathus kabeyai","shark"
"Trygonoptera galba","ray"
"Trygonoptera imitata","ray"
"Trygonoptera mucosa","ray"
"Trygonoptera ovalis","ray"
"Trygonoptera personata","ray"
"Trygonoptera testacea","ray"
"Trygonorrhina dumerilii","ray"
"Trygonorrhina fasciata","ray"
"Trygonorrhina melaleuca","ray"
"Typhlonarke aysoni","ray"
"Typhlonarke tarakea","ray"
"Urobatis concentricus","ray"
"Urobatis halleri","ray"
"Urobatis jamaicensis","ray"
"Urobatis maculatus","ray"
"Urobatis marmoratus","ray"
"Urobatis tumbesensis","ray"
"Urogymnus asperrimus","ray"
"Urogymnus ukpam","ray"
"Urolophus armatus","ray"
"Urolophus aurantiacus","ray"
"Urolophus bucculentus","ray"
"Urolophus circularis","ray"
"Urolophus cruciatus","ray"
"Urolophus deforgesi","ray"
"Urolophus expansus","ray"
"Urolophus flavomosaicus","ray"
"Urolophus gigas","ray"
"Urolophus javanicus","ray"
"Urolophus kaianus","ray"
"Urolophus kapalensis","ray"
"Urolophus lobatus","ray"
"Urolophus mitosis","ray"
"Urolophus neocaledoniensis","ray"
"Urolophus orarius","ray"
"Urolophus papilio","ray"
"Urolophus paucimaculatus","ray"
"Urolophus piperatus","ray"
"Urolophus sufflavus","ray"
"Urolophus viridis","ray"
"Urolophus westraliensis","ray"
"Urotrygon aspidura","ray"
"Urotrygon caudispinosus","ray"
"Urotrygon chilensis","ray"
"Urotrygon cimar","ray"
"Urotrygon microphthalmum","ray"
"Urotrygon munda","ray"
"Urotrygon nana","ray"
"Urotrygon peruanus","ray"
"Urotrygon reticulata","ray"
"Urotrygon rogersi","ray"
"Urotrygon serrula","ray"
"Urotrygon simulatrix","ray"
"Urotrygon venezuelae","ray"
"Zameus ichiharai","shark"
"Zameus squamulosus","shark"
"Zanobatus schoenleinii","ray"
"Zapteryx brevirostris","ray"
"Zapteryx exasperata","ray"
"Zapteryx xyster","ray"
"Zearaja argentinensis","unknown"
"Zearaja chilensis","ray"
"Zearaja maugeana","ray"
"Zearaja nasuta","ray"
