"Rank_ED","species_tree","species","ED"
1,"Zanobatus_schoenleinii","Zanobatus schoenleinii",192.517977687057
2,"Platyrhinoidis_triseriata","Platyrhinoidis triseriata",144.289532417262
3,"Hypnos_monopterygius","Hypnos monopterygius",142.750439551048
4,"Hexatrygon_bickelli","Hexatrygon bickelli",138.947657969357
5,"Mitsukurina_owstoni","Mitsukurina owstoni",138.616999110635
6,"Anoxypristis_cuspidata","Anoxypristis cuspidata",125.9208433425
7,"Heterodontus_francisci","Heterodontus francisci",120.577239087092
8,"Plesiobatis_daviesi","Plesiobatis daviesi",119.351624653795
9,"Carcharias_taurus","Carcharias taurus",110.368168349206
10,"Alopias_superciliosus","Alopias superciliosus",108.130378747778
11,"Notorynchus_cepedianus","Notorynchus cepedianus",108.122896296644
12,"Leptocharias_smithii","Leptocharias smithii",107.871249574441
13,"Brachaelurus_colcloughi","Brachaelurus colcloughi",106.983319344262
14,"Brachaelurus_waddi","Brachaelurus waddi",106.983319344262
15,"Rhina_ancylostoma","Rhina ancylostoma",106.454345188761
16,"Zapteryx_brevirostris","Zapteryx brevirostris",104.399019047004
17,"Heterodontus_mexicanus","Heterodontus mexicanus",103.119928327092
18,"Trigonognathus_kabeyai","Trigonognathus kabeyai",102.743378303653
19,"Pseudoginglymostoma_brevicaudatum","Pseudoginglymostoma brevicaudatum",102.561570455691
20,"Cetorhinus_maximus","Cetorhinus maximus",100.944419104206
21,"Pristis_pristis","Pristis pristis",99.6509217549998
22,"Trygonorrhina_melaleuca","Trygonorrhina melaleuca",99.2866774753372
23,"Pliotrema_warreni","Pliotrema warreni",98.6604630037834
24,"Dalatias_licha","Dalatias licha",98.6090018008094
25,"Eucrossorhinus_dasypogon","Eucrossorhinus dasypogon",96.0110490042622
26,"Hemipristis_elongata","Hemipristis elongata",95.4789400873739
27,"Alopias_vulpinus","Alopias vulpinus",91.3227227874443
28,"Alopias_pelagicus","Alopias pelagicus",91.3227227874443
29,"Platyrhina_hyugaensis","Platyrhina hyugaensis",89.6606801305955
30,"Galeocerdo_cuvier","Galeocerdo cuvier",88.006459695559
31,"Dasyatis_microps","Dasyatis microps",87.3029707076845
32,"Pristis_clavata","Pristis clavata",86.9477543016664
33,"Chlamydoselachus_anguineus","Chlamydoselachus anguineus",86.620362642149
34,"Chlamydoselachus_africana","Chlamydoselachus africana",86.620362642149
35,"Platyrhina_sinensis","Platyrhina sinensis",85.7130482180955
36,"Platyrhina_tangi","Platyrhina tangi",85.7130482180955
37,"Aetomylaeus_vespertilio","Aetomylaeus vespertilio",84.0944656756753
38,"Rhinobatos_penggali","Rhinobatos penggali",84.0319811630774
39,"Pseudotriakis_microdon","Pseudotriakis microdon",83.0617538090924
40,"Apristurus_saldanha","Apristurus saldanha",82.9052859213335
41,"Aetobatus_flagellum","Aetobatus flagellum",82.5191407171089
42,"Aetobatus_narinari","Aetobatus narinari",82.5191407171089
43,"Pristis_zijsron","Pristis zijsron",80.9965445166664
44,"Pristis_pectinata","Pristis pectinata",80.9965445166664
45,"Heptranchias_perlo","Heptranchias perlo",80.786072691644
46,"Trygonorrhina_dumerilii","Trygonorrhina dumerilii",80.4209923553372
47,"Trygonorrhina_fasciata","Trygonorrhina fasciata",80.4209923553372
48,"Cruriraja_hulleyi","Cruriraja hulleyi",80.3928673578447
49,"Heterodontus_ramalheira","Heterodontus ramalheira",78.0040103979493
50,"Planonasus_parini","Planonasus parini",77.248556209759
51,"Pristiophorus_japonicus","Pristiophorus japonicus",76.2991599787835
52,"Squaliolus_laticaudus","Squaliolus laticaudus",76.2863177258094
53,"Mollisquama_parini","Mollisquama parini",75.0724840304094
54,"Urolophus_mitosis","Urolophus mitosis",74.7502404050737
55,"Aptychotrema_vincentiana","Aptychotrema vincentiana",74.4174995403372
56,"Apristurus_canutus","Apristurus canutus",73.4275560920478
57,"Sinobatis_melanosoma","Sinobatis melanosoma",73.3855284915858
58,"Sinobatis_caerulea","Sinobatis caerulea",73.3855284915858
59,"Centrophorus_atromarginatus","Centrophorus atromarginatus",73.3709887666619
60,"Centrophorus_zeehaani","Centrophorus zeehaani",73.3709887666619
61,"Callorhinchus_callorynchus","Callorhinchus callorynchus",73.2875858724286
62,"Galeorhinus_galeus","Galeorhinus galeus",72.9331472585795
63,"Hypogaleus_hyugaensis","Hypogaleus hyugaensis",72.9331472585795
64,"Callorhinchus_milii","Callorhinchus milii",72.1392630339286
65,"Callorhinchus_capensis","Callorhinchus capensis",72.1392630339286
66,"Hexanchus_vitulus","Hexanchus vitulus",72.0240333183107
67,"Carcharodon_carcharias","Carcharodon carcharias",71.9708625508729
68,"Hemiscyllium_ocellatum","Hemiscyllium ocellatum",71.8956920846492
69,"Chimaera_phantasma","Chimaera phantasma",71.5656219418699
70,"Echinorhinus_brucus","Echinorhinus brucus",71.2944090344977
71,"Echinorhinus_cookei","Echinorhinus cookei",71.2944090344977
72,"Taeniura_lymma","Taeniura lymma",69.2144172883903
73,"Cirrhigaleus_asper","Cirrhigaleus asper",69.1521100577141
74,"Schroederichthys_bivius","Schroederichthys bivius",69.1504819363045
75,"Schroederichthys_tenuis","Schroederichthys tenuis",69.1504819363045
76,"Lamna_ditropis","Lamna ditropis",67.2321620992062
77,"Lamna_nasus","Lamna nasus",67.2321620992062
78,"Zapteryx_xyster","Zapteryx xyster",67.2176318030038
79,"Zapteryx_exasperata","Zapteryx exasperata",67.2176318030038
80,"Centroselachus_crepidater","Centroselachus crepidater",66.6332293838935
81,"Isurus_oxyrinchus","Isurus oxyrinchus",65.2394701958729
82,"Isurus_paucus","Isurus paucus",65.2394701958729
83,"Pseudocarcharias_kamoharai","Pseudocarcharias kamoharai",64.8391076849443
84,"Neoharriotta_pinnata","Neoharriotta pinnata",64.4677129283126
85,"Dasyatis_zugei","Dasyatis zugei",64.1393483056061
86,"Narcine_westraliensis","Narcine westraliensis",63.3558846042274
87,"Okamejei_jensenae","Okamejei jensenae",63.1335069775145
88,"Orectolobus_ornatus","Orectolobus ornatus",62.3166322060058
89,"Furgaleus_macki","Furgaleus macki",62.1880711557795
90,"Sinobatis_borneensis","Sinobatis borneensis",61.8070590465858
91,"Urolophus_circularis","Urolophus circularis",61.3064568317404
92,"Gogolia_filewoodi","Gogolia filewoodi",61.1327175015795
93,"Chiloscyllium_punctatum","Chiloscyllium punctatum",60.7879954059765
94,"Iago_garricki","Iago garricki",60.7852256005795
95,"Iago_omanensis","Iago omanensis",60.7852256005795
96,"Aetomylaeus_maculatus","Aetomylaeus maculatus",60.6993941181752
97,"Trygonoptera_ovalis","Trygonoptera ovalis",60.3698056909374
98,"Trygonoptera_galba","Trygonoptera galba",60.3698056909374
99,"Aptychotrema_timorensis","Aptychotrema timorensis",60.2571069563372
100,"Aptychotrema_rostrata","Aptychotrema rostrata",60.2571069563372
101,"Galeus_eastmani","Galeus eastmani",59.7446250819335
102,"Galeus_sauteri","Galeus sauteri",59.7446250819335
103,"Acroteriobatus_leucospilus","Acroteriobatus leucospilus",58.566417482125
104,"Gymnura_afuerae","Gymnura afuerae",58.5411278745219
105,"Gymnura_micrura","Gymnura micrura",58.5411278745219
106,"Trygonoptera_personata","Trygonoptera personata",58.5236766559374
107,"Apristurus_exsanguis","Apristurus exsanguis",58.4361173975862
108,"Neotrygon_ningalooensis","Neotrygon ningalooensis",58.1997043503903
109,"Squatina_japonica","Squatina japonica",58.1880771596058
110,"Centrophorus_squamosus","Centrophorus squamosus",58.1172650973285
111,"Rhinochimaera_pacifica","Rhinochimaera pacifica",57.744255677646
112,"Urolophus_gigas","Urolophus gigas",57.7433412295737
113,"Eusphyra_blochii","Eusphyra blochii",57.6366012181726
114,"Megachasma_pelagios","Megachasma pelagios",57.3558081382776
115,"Diplobatis_guamachensis","Diplobatis guamachensis",57.3421858618846
116,"Hexanchus_griseus","Hexanchus griseus",57.2145800853107
117,"Hexanchus_nakamurai","Hexanchus nakamurai",57.2145800853107
118,"Loxodon_macrorhinus","Loxodon macrorhinus",56.4260381866318
119,"Gollum_attenuatus","Gollum attenuatus",55.764932339759
120,"Gollum_suluensis","Gollum suluensis",55.764932339759
121,"Neoharriotta_pumila","Neoharriotta pumila",55.4099624073126
122,"Neoharriotta_carri","Neoharriotta carri",55.4099624073126
123,"Triakis_semifasciata","Triakis semifasciata",55.3782223672081
124,"Centroscymnus_coelolepis","Centroscymnus coelolepis",55.2126461840744
125,"Rhinobatos_jimbaranensis","Rhinobatos jimbaranensis",55.1001698070774
126,"Rhinobatos_holcorhynchus","Rhinobatos holcorhynchus",55.1001698070774
127,"Makararaja_chindwinensis","Makararaja chindwinensis",54.6192303386488
128,"Orectolobus_hutchinsi","Orectolobus hutchinsi",54.3822927803986
129,"Orectolobus_parvimaculatus","Orectolobus parvimaculatus",54.3822927803986
130,"Dasyatis_marmorata","Dasyatis marmorata",54.2985781748433
131,"Chaenogaleus_macrostoma","Chaenogaleus macrostoma",54.283895606231
132,"Heterodontus_portusjacksoni","Heterodontus portusjacksoni",54.1255254929493
133,"Heterodontus_galeatus","Heterodontus galeatus",54.1255254929493
134,"Chiloscyllium_indicum","Chiloscyllium indicum",53.9315144459765
135,"Chiloscyllium_plagiosum","Chiloscyllium plagiosum",53.9315144459765
136,"Atelomycterus_baliensis","Atelomycterus baliensis",53.5882789284473
137,"Atelomycterus_marmoratus","Atelomycterus marmoratus",53.5882789284473
138,"Gymnura_poecilura","Gymnura poecilura",53.3697147566648
139,"Gymnura_hirundo","Gymnura hirundo",53.3697147566648
140,"Chimaera_obscura","Chimaera obscura",53.294145460255
141,"Chimaera_bahamaensis","Chimaera bahamaensis",53.0294816647853
142,"Sphyrna_mokarran","Sphyrna mokarran",52.7400314584583
143,"Hydrolagus_alberti","Hydrolagus alberti",52.5287613132852
144,"Hydrolagus_alphus","Hydrolagus alphus",52.5287613132852
145,"Himantura_lobistoma","Himantura lobistoma",52.516030040883
146,"Heterodontus_japonicus","Heterodontus japonicus",52.1978295679493
147,"Heterodontus_omanensis","Heterodontus omanensis",52.1978295679493
148,"Benthobatis_marcida","Benthobatis marcida",51.8967398842274
149,"Etmopterus_schmidti","Etmopterus schmidti",51.8754834779438
150,"Hydrolagus_deani","Hydrolagus deani",51.457969215255
151,"Schroederichthys_maculatus","Schroederichthys maculatus",51.3104668343045
152,"Hemitriakis_indroyonoi","Hemitriakis indroyonoi",51.1778804557795
153,"Hongeo_koreana","Hongeo koreana",51.1105613489492
154,"Schroederichthys_saurisqualus","Schroederichthys saurisqualus",50.8726572528545
155,"Schroederichthys_chilensis","Schroederichthys chilensis",50.8726572528545
156,"Trygonoptera_testacea","Trygonoptera testacea",50.435957942604
157,"Taeniurops_grabata","Taeniurops grabata",50.4147811225933
158,"Taeniurops_meyeni","Taeniurops meyeni",50.4147811225933
159,"Chimaera_jordani","Chimaera jordani",50.3112925911186
160,"Chimaera_cubana","Chimaera cubana",50.3112925911186
161,"Squatina_squatina","Squatina squatina",50.1967858181366
162,"Squatina_caillieti","Squatina caillieti",50.1967858181366
163,"Narcine_leoparda","Narcine leoparda",50.170404728758
164,"Parascyllium_sparsimaculatum","Parascyllium sparsimaculatum",50.0366495727496
165,"Aetomylaeus_nichofii","Aetomylaeus nichofii",49.9572173081752
166,"Myliobatis_californicus","Myliobatis californicus",49.9146797962906
167,"Narcine_lasti","Narcine lasti",49.7958661242274
168,"Narcine_tasmaniensis","Narcine tasmaniensis",49.7958661242274
169,"Gymnura_japonica","Gymnura japonica",49.5906716316648
170,"Gymnura_australis","Gymnura australis",49.5906716316648
171,"Scymnodalatias_garricki","Scymnodalatias garricki",49.5757120810744
172,"Scymnodalatias_oligodon","Scymnodalatias oligodon",49.5757120810744
173,"Sphyrna_zygaena","Sphyrna zygaena",49.3956640752917
174,"Bythaelurus_canescens","Bythaelurus canescens",49.2501867434817
175,"Deania_quadrispinosa","Deania quadrispinosa",49.16639462598
176,"Deania_profundorum","Deania profundorum",49.16639462598
177,"Somniosus_rostratus","Somniosus rostratus",49.1125545417366
178,"Somniosus_longus","Somniosus longus",49.1125545417366
179,"Rhinochimaera_africana","Rhinochimaera africana",48.995294337646
180,"Rhinochimaera_atlantica","Rhinochimaera atlantica",48.995294337646
181,"Cirrhigaleus_barbifer","Cirrhigaleus barbifer",48.9708794627141
182,"Cirrhigaleus_australis","Cirrhigaleus australis",48.9708794627141
183,"Aulohalaelurus_labiosus","Aulohalaelurus labiosus",48.9269401454473
184,"Aulohalaelurus_kanakorum","Aulohalaelurus kanakorum",48.9269401454473
185,"Urobatis_marmoratus","Urobatis marmoratus",48.5713985483206
186,"Rhinobatos_lionotus","Rhinobatos lionotus",48.5220197345774
187,"Odontaspis_noronhai","Odontaspis noronhai",48.4992919782776
188,"Odontaspis_ferox","Odontaspis ferox",48.4992919782776
189,"Hemigaleus_microstoma","Hemigaleus microstoma",48.496187900231
190,"Hemigaleus_australiensis","Hemigaleus australiensis",48.496187900231
191,"Dipturus_kwangtungensis","Dipturus kwangtungensis",48.3327699332954
192,"Proscyllium_habereri","Proscyllium habereri",48.2744146970686
193,"Gymnura_crooki","Gymnura crooki",48.1116153616648
194,"Hydrolagus_mitsukurii","Hydrolagus mitsukurii",48.1113732933472
195,"Hydrolagus_africanus","Hydrolagus africanus",48.1113732933472
196,"Sutorectus_tentaculatus","Sutorectus tentaculatus",48.0882773260058
197,"Harriotta_raleighana","Harriotta raleighana",47.988532905646
198,"Harriotta_haeckeli","Harriotta haeckeli",47.988532905646
199,"Haploblepharus_fuscus","Haploblepharus fuscus",47.9322175725376
200,"Squatina_africana","Squatina africana",47.9240227224725
201,"Zameus_squamulosus","Zameus squamulosus",47.7181133088935
202,"Zameus_ichiharai","Zameus ichiharai",47.7181133088935
203,"Rostroraja_alba","Rostroraja alba",47.4490094775145
204,"Scymnodon_ringens","Scymnodon ringens",47.3635179802744
205,"Himantura_schmardae","Himantura schmardae",47.3547877304792
206,"Himantura_pacifica","Himantura pacifica",47.3547877304792
207,"Oxynotus_caribbaeus","Oxynotus caribbaeus",47.3063593235464
208,"Nebrius_ferrugineus","Nebrius ferrugineus",47.2858732946908
209,"Rhincodon_typus","Rhincodon typus",47.2858722946908
210,"Neotrygon_kuhlii","Neotrygon kuhlii",47.2446167703903
211,"Heterodontus_zebra","Heterodontus zebra",47.2241605439493
212,"Heterodontus_quoyi","Heterodontus quoyi",47.2241595439493
213,"Etmopterus_robinsi","Etmopterus robinsi",47.1385970878581
214,"Dasyatis_sabina","Dasyatis sabina",47.0942333097574
215,"Dasyatis_sinensis","Dasyatis sinensis",47.0942333097574
216,"Rhinobatos_albomaculatus","Rhinobatos albomaculatus",47.0339112279886
217,"Pteroplatytrygon_violacea","Pteroplatytrygon violacea",46.9298047949862
218,"Ginglymostoma_cirratum","Ginglymostoma cirratum",46.9020815694908
219,"Stegostoma_fasciatum","Stegostoma fasciatum",46.9020805694908
220,"Centrophorus_westraliensis","Centrophorus westraliensis",46.7187036666619
221,"Rhinobatos_irvinei","Rhinobatos irvinei",46.641666060125
222,"Rhinobatos_lentiginosus","Rhinobatos lentiginosus",46.641666060125
223,"Squatina_armata","Squatina armata",46.5277090272725
224,"Cruriraja_parcomaculata","Cruriraja parcomaculata",46.4191699898302
225,"Mustelus_whitneyi","Mustelus whitneyi",46.3631274742462
226,"Cephaloscyllium_maculatum","Cephaloscyllium maculatum",46.3195276811921
227,"Dactylobatus_armatus","Dactylobatus armatus",45.7050270516515
228,"Dactylobatus_clarkii","Dactylobatus clarkii",45.7050270516515
229,"Acroteriobatus_salalah","Acroteriobatus salalah",45.2721415009887
230,"Rhinobatos_glaucostigma","Rhinobatos glaucostigma",45.2721415009887
231,"Mustelus_sinusmexicanus","Mustelus sinusmexicanus",45.2425151926052
232,"Cirrhoscyllium_japonicum","Cirrhoscyllium japonicum",45.0680188794163
233,"Acroteriobatus_annulatus","Acroteriobatus annulatus",45.0618753655774
234,"Torpedo_mackayana","Torpedo mackayana",45.0577488011901
235,"Torpedo_tokionis","Torpedo tokionis",45.0577488011901
236,"Sinobatis_filicauda","Sinobatis filicauda",45.0422554535858
237,"Sinobatis_bulbicauda","Sinobatis bulbicauda",45.0422554535858
238,"Deania_hystricosa","Deania hystricosa",45.00699638698
239,"Deania_calcea","Deania calcea",45.00699638698
240,"Torpedo_suessii","Torpedo suessii",44.8900985777346
241,"Torpedo_bauchotae","Torpedo bauchotae",44.8900985777346
242,"Figaro_boardmani","Figaro boardmani",44.8464750919918
243,"Figaro_striatus","Figaro striatus",44.8464750919918
244,"Isistius_plutodus","Isistius plutodus",44.7808854121427
245,"Isistius_labialis","Isistius labialis",44.6515960717427
246,"Isistius_brasiliensis","Isistius brasiliensis",44.6515960717427
247,"Apristurus_investigatoris","Apristurus investigatoris",44.5527780326345
248,"Glaucostegus_halavi","Glaucostegus halavi",44.5289271215498
249,"Discopyge_castelloi","Discopyge castelloi",44.5092263888846
250,"Discopyge_tschudii","Discopyge tschudii",44.5092263888846
251,"Rhinobatos_planiceps","Rhinobatos planiceps",44.1182673551553
252,"Rhinobatos_productus","Rhinobatos productus",44.103315850322
253,"Rhinobatos_leucorhynchus","Rhinobatos leucorhynchus",44.103315850322
254,"Narcine_ornata","Narcine ornata",44.007948844883
255,"Carcharhinus_signatus","Carcharhinus signatus",43.8342195066151
256,"Squatina_argentina","Squatina argentina",43.8197258626366
257,"Squatina_aculeata","Squatina aculeata",43.8197258626366
258,"Scyliorhinus_capensis","Scyliorhinus capensis",43.8131254319636
259,"Pristiophorus_cirratus","Pristiophorus cirratus",43.5921238501168
260,"Mustelus_griseus","Mustelus griseus",43.5808627029962
261,"Mobula_rochebrunei","Mobula rochebrunei",43.3516682343586
262,"Dasyatis_margaritella","Dasyatis margaritella",43.346958746203
263,"Dasyatis_margarita","Dasyatis margarita",43.346958746203
264,"Torpedo_semipelagica","Torpedo semipelagica",43.1574319764059
265,"Scyliorhinus_hesperius","Scyliorhinus hesperius",43.0520270995787
266,"Pentanchus_profundicolus","Pentanchus profundicolus",43.0068824535224
267,"Paratrygon_aiereba","Paratrygon aiereba",42.911609663931
268,"Hydrolagus_novaezealandiae","Hydrolagus novaezealandiae",42.6670084904016
269,"Etmopterus_gracilispinis","Etmopterus gracilispinis",42.6193072329438
270,"Mustelus_mangalorensis","Mustelus mangalorensis",42.5953138706628
271,"Heteroscymnoides_marleyi","Heteroscymnoides marleyi",42.5764439329094
272,"Squaliolus_aliae","Squaliolus aliae",42.5764439329094
273,"Halaelurus_boesemani","Halaelurus boesemani",42.5375821430852
274,"Mobula_eregoodootenkee","Mobula eregoodootenkee",42.4830526059301
275,"Okamejei_powelli","Okamejei powelli",42.2973925755963
276,"Asymbolus_funebris","Asymbolus funebris",42.2738170997696
277,"Scylliogaleus_quecketti","Scylliogaleus quecketti",42.1107027023628
278,"Triakis_megalopterus","Triakis megalopterus",42.1107027023628
279,"Etmopterus_pusillus","Etmopterus pusillus",42.0819334596581
280,"Etmopterus_bigelowi","Etmopterus bigelowi",42.0819334596581
281,"Sphyrna_lewini","Sphyrna lewini",42.0618820516917
282,"Urobatis_halleri","Urobatis halleri",42.0025934356122
283,"Cephaloscyllium_sufflans","Cephaloscyllium sufflans",41.7322697278075
284,"Hydrolagus_mccoskeri","Hydrolagus mccoskeri",41.64387599686
285,"Gymnura_zonura","Gymnura zonura",41.4907777916648
286,"Gymnura_bimaculata","Gymnura bimaculata",41.4907777916648
287,"Narcine_prodorsalis","Narcine prodorsalis",41.4409341320914
288,"Ctenacis_fehlmanni","Ctenacis fehlmanni",41.4013240587352
289,"Rhinoptera_bonasus","Rhinoptera bonasus",41.2699014251346
290,"Etmopterus_schultzi","Etmopterus schultzi",41.0260680992771
291,"Squalus_megalops","Squalus megalops",41.0074430506808
292,"Orectolobus_floridus","Orectolobus floridus",40.9633616310058
293,"Orectolobus_reticulatus","Orectolobus reticulatus",40.9633616310058
294,"Parmaturus_lanatus","Parmaturus lanatus",40.9275770049335
295,"Somniosus_microcephalus","Somniosus microcephalus",40.9001215037366
296,"Proscyllium_magnificum","Proscyllium magnificum",40.8935038530686
297,"Proscyllium_venustum","Proscyllium venustum",40.8935038530686
298,"Hydrolagus_melanophasma","Hydrolagus melanophasma",40.7751083940921
299,"Hydrolagus_matallanasi","Hydrolagus matallanasi",40.7729841589186
300,"Hydrolagus_pallidus","Hydrolagus pallidus",40.7729841589186
301,"Aculeola_nigra","Aculeola nigra",40.7351295470056
302,"Cirrhoscyllium_expolitum","Cirrhoscyllium expolitum",40.7056207494163
303,"Cirrhoscyllium_formosanum","Cirrhoscyllium formosanum",40.7056207494163
304,"Carcharhinus_amblyrhynchos","Carcharhinus amblyrhynchos",40.6853591466985
305,"Dipturus_oculus","Dipturus oculus",40.6770707077856
306,"Galeus_antillensis","Galeus antillensis",40.6545195239674
307,"Galeus_murinus","Galeus murinus",40.6545195239674
308,"Dasyatis_dipterura","Dasyatis dipterura",40.6186802859479
309,"Squalus_bucephalus","Squalus bucephalus",40.5267314562358
310,"Acroteriobatus_ocellatus","Acroteriobatus ocellatus",40.4846937776553
311,"Myliobatis_chilensis","Myliobatis chilensis",40.4344318827073
312,"Pristiophorus_nudipinnis","Pristiophorus nudipinnis",40.3991475897835
313,"Pristiophorus_schroederi","Pristiophorus schroederi",40.3991475897835
314,"Gurgesiella_furvescens","Gurgesiella furvescens",40.2115873096812
315,"Negaprion_acutidens","Negaprion acutidens",40.1933976283651
316,"Negaprion_brevirostris","Negaprion brevirostris",40.1933976283651
317,"Parascyllium_collare","Parascyllium collare",40.1535983427496
318,"Rhinoptera_jayakari","Rhinoptera jayakari",40.1447566161346
319,"Rhinoptera_steindachneri","Rhinoptera steindachneri",40.1447566161346
320,"Etmopterus_lucifer","Etmopterus lucifer",40.0741351943962
321,"Anacanthobatis_longirostris","Anacanthobatis longirostris",40.0167796074697
322,"Atelomycterus_marnkalha","Atelomycterus marnkalha",39.7938626417807
323,"Pteromylaeus_bovinus","Pteromylaeus bovinus",39.6865587531752
324,"Pteromylaeus_asperrimus","Pteromylaeus asperrimus",39.6865587531752
325,"Chimaera_panthera","Chimaera panthera",39.53059411336
326,"Hydrolagus_bemisi","Hydrolagus bemisi",39.53059411336
327,"Pastinachus_stellurostris","Pastinachus stellurostris",39.4690060066488
328,"Pastinachus_solocirostris","Pastinachus solocirostris",39.4690060066488
329,"Rhinobatos_horkelii","Rhinobatos horkelii",39.4641585141553
330,"Acroteriobatus_zanzibarensis","Acroteriobatus zanzibarensis",39.4641585141553
331,"Centrophorus_granulosus","Centrophorus granulosus",39.3454533843285
332,"Centrophorus_tessellatus","Centrophorus tessellatus",39.3454523843285
333,"Hydrolagus_colliei","Hydrolagus colliei",39.2914552019217
334,"Carcharhinus_fitzroyensis","Carcharhinus fitzroyensis",39.1048384469485
335,"Orectolobus_japonicus","Orectolobus japonicus",38.9705093898986
336,"Orectolobus_maculatus","Orectolobus maculatus",38.9705093898986
337,"Trygonoptera_mucosa","Trygonoptera mucosa",38.968478772604
338,"Trygonoptera_imitata","Trygonoptera imitata",38.968478772604
339,"Atelomycterus_fasciatus","Atelomycterus fasciatus",38.9450633097807
340,"Atelomycterus_macleayi","Atelomycterus macleayi",38.9450633097807
341,"Rhinobatos_sainsburyi","Rhinobatos sainsburyi",38.7525348091553
342,"Rhinobatos_percellens","Rhinobatos percellens",38.7525348091553
343,"Dasyatis_chrysonota","Dasyatis chrysonota",38.56967245426
344,"Somniosus_antarcticus","Somniosus antarcticus",38.4673616202366
345,"Somniosus_pacificus","Somniosus pacificus",38.4673616202366
346,"Narcine_bicolor","Narcine bicolor",38.3837384640914
347,"Narcine_entemedor","Narcine entemedor",38.3837384640914
348,"Myliobatis_aquila","Myliobatis aquila",38.2968360829073
349,"Halaelurus_natalensis","Halaelurus natalensis",38.2135986175852
350,"Halaelurus_lineatus","Halaelurus lineatus",38.2135986175852
351,"Diplobatis_colombiensis","Diplobatis colombiensis",38.1751227685512
352,"Euprotomicroides_zantedeschia","Euprotomicroides zantedeschia",38.1709546609094
353,"Euprotomicrus_bispinatus","Euprotomicrus bispinatus",38.1709546609094
354,"Apristurus_internatus","Apristurus internatus",38.1003749055862
355,"Cephalurus_cephalus","Cephalurus cephalus",38.0502144732634
356,"Raja_inornata","Raja inornata",38.0419292326825
357,"Scymnodalatias_sherwoodi","Scymnodalatias sherwoodi",37.9058603525744
358,"Scymnodalatias_albicauda","Scymnodalatias albicauda",37.9058603525744
359,"Parascyllium_variolatum","Parascyllium variolatum",37.888421178083
360,"Urobatis_tumbesensis","Urobatis tumbesensis",37.8369033133206
361,"Urobatis_jamaicensis","Urobatis jamaicensis",37.8369033133206
362,"Oxynotus_bruniensis","Oxynotus bruniensis",37.7658588210464
363,"Oxynotus_paradoxus","Oxynotus paradoxus",37.7658588210464
364,"Urolophus_flavomosaicus","Urolophus flavomosaicus",37.7588829007404
365,"Urolophus_bucculentus","Urolophus bucculentus",37.7588829007404
366,"Acroteriobatus_blochii","Acroteriobatus blochii",37.7259278145774
367,"Urogymnus_asperrimus","Urogymnus asperrimus",37.599531037383
368,"Urogymnus_ukpam","Urogymnus ukpam",37.599531037383
369,"Rioraja_agassizii","Rioraja agassizii",37.5367941348146
370,"Potamotrygon_constellata","Potamotrygon constellata",37.5195661581393
371,"Dasyatis_colarensis","Dasyatis colarensis",37.4855177942812
372,"Benthobatis_moresbyi","Benthobatis moresbyi",37.3413307308941
373,"Dasyatis_rudis","Dasyatis rudis",37.24857335776
374,"Dasyatis_pastinaca","Dasyatis pastinaca",37.24857235776
375,"Pristiophorus_delicatus","Pristiophorus delicatus",37.1105898521168
376,"Pristiophorus_nancyae","Pristiophorus nancyae",37.1105898521168
377,"Hydrolagus_homonycteris","Hydrolagus homonycteris",37.0188491329217
378,"Hydrolagus_eidolon","Hydrolagus eidolon",37.0188491329217
379,"Chimaera_owstoni","Chimaera owstoni",36.9839995465365
380,"Rhynchobatus_luebberti","Rhynchobatus luebberti",36.9621576487613
381,"Mobula_mobular","Mobula mobular",36.9132200342634
382,"Mobula_diabolus","Mobula diabolus",36.9132200342634
383,"Asymbolus_pallidus","Asymbolus pallidus",36.9044834006446
384,"Chimaera_opalescens","Chimaera opalescens",36.8586377681933
385,"Etmopterus_evansi","Etmopterus evansi",36.8549953859773
386,"Etmopterus_hillianus","Etmopterus hillianus",36.8549953859773
387,"Apristurus_macrorhynchus","Apristurus macrorhynchus",36.5216387600862
388,"Apristurus_japonicus","Apristurus japonicus",36.5144406350148
389,"Hydrolagus_barbouri","Hydrolagus barbouri",36.498276323255
390,"Chimaera_argiloba","Chimaera argiloba",36.498276323255
391,"Scoliodon_macrorhynchos","Scoliodon macrorhynchos",36.3840230406318
392,"Scoliodon_laticaudus","Scoliodon laticaudus",36.3840230406318
393,"Eridacnis_barbouri","Eridacnis barbouri",36.1252413630686
394,"Myliobatis_freminvillei","Myliobatis freminvillei",36.0988804587906
395,"Myliobatis_longirostris","Myliobatis longirostris",36.0988804587906
396,"Centroscymnus_owstonii","Centroscymnus owstonii",35.9884413252744
397,"Parascyllium_ferrugineum","Parascyllium ferrugineum",35.829648774083
398,"Parascyllium_elongatum","Parascyllium elongatum",35.829648774083
399,"Glaucostegus_cemiculus","Glaucostegus cemiculus",35.7781485555498
400,"Glaucostegus_granulatus","Glaucostegus granulatus",35.7781485555498
401,"Carcharhinus_porosus","Carcharhinus porosus",35.679094877836
402,"Heteronarce_garmani","Heteronarce garmani",35.6739929048346
403,"Diplobatis_ommata","Diplobatis ommata",35.3874911210512
404,"Diplobatis_pictus","Diplobatis pictus",35.3874911210512
405,"Hydrolagus_lemures","Hydrolagus lemures",35.2182100321365
406,"Hydrolagus_ogilbyi","Hydrolagus ogilbyi",35.2182100321365
407,"Cephaloscyllium_silasi","Cephaloscyllium silasi",35.0791096147242
408,"Squalus_griffini","Squalus griffini",34.9663428681808
409,"Rhinobatos_punctifer","Rhinobatos punctifer",34.9567720830774
410,"Lamiopsis_temminckii","Lamiopsis temminckii",34.9415067358651
411,"Lamiopsis_tephrodes","Lamiopsis tephrodes",34.9415067358651
412,"Etmopterus_polli","Etmopterus polli",34.8970952142771
413,"Etmopterus_virens","Etmopterus virens",34.8970952142771
414,"Galeus_longirostris","Galeus longirostris",34.8900658152904
415,"Chimaera_fulva","Chimaera fulva",34.87173959136
416,"Hydrolagus_lusitanicus","Hydrolagus lusitanicus",34.87173959136
417,"Manta_birostris","Manta birostris",34.832573324692
418,"Manta_alfredi","Manta alfredi",34.832573324692
419,"Gymnura_marmorata","Gymnura marmorata",34.8013798045219
420,"Gymnura_crebripunctata","Gymnura crebripunctata",34.8013798045219
421,"Poroderma_pantherinum","Poroderma pantherinum",34.7550007502634
422,"Poroderma_africanum","Poroderma africanum",34.7550007502634
423,"Asymbolus_galacticus","Asymbolus galacticus",34.7463413097874
424,"Holohalaelurus_grennian","Holohalaelurus grennian",34.5335109715224
425,"Irolita_waitii","Irolita waitii",34.5133474102798
426,"Irolita_westraliensis","Irolita westraliensis",34.5133474102798
427,"Fenestraja_ishiyamai","Fenestraja ishiyamai",34.4327699204506
428,"Rhynchobatus_palpebratus","Rhynchobatus palpebratus",34.4274788237613
429,"Hydrolagus_marmoratus","Hydrolagus marmoratus",34.3270305477588
430,"Himantura_uarnacoides","Himantura uarnacoides",34.3192832701497
431,"Rajella_bathyphila","Rajella bathyphila",34.3191273214951
432,"Gymnura_natalensis","Gymnura natalensis",34.1402067171886
433,"Cruriraja_poeyi","Cruriraja poeyi",34.1121886348302
434,"Atlantoraja_castelnaui","Atlantoraja castelnaui",34.0869358828146
435,"Dasyatis_say","Dasyatis say",34.0814534759479
436,"Dasyatis_acutirostra","Dasyatis acutirostra",34.0814534759479
437,"Narcine_nelsoni","Narcine nelsoni",34.0295059075973
438,"Orectolobus_halei","Orectolobus halei",33.9665355720891
439,"Himantura_signifer","Himantura signifer",33.802901370994
440,"Himantura_oxyrhyncha","Himantura oxyrhyncha",33.802901370994
441,"Mustelus_minicanis","Mustelus minicanis",33.7277911889128
442,"Mustelus_punctulatus","Mustelus punctulatus",33.7277911889128
443,"Leucoraja_circularis","Leucoraja circularis",33.5591216442371
444,"Halaelurus_quagga","Halaelurus quagga",33.5389535647519
445,"Halaelurus_maculosus","Halaelurus maculosus",33.5389535647519
446,"Chiloscyllium_burmensis","Chiloscyllium burmensis",33.5063404618099
447,"Urotrygon_rogersi","Urotrygon rogersi",33.4725096822327
448,"Torpedo_peruana","Torpedo peruana",33.4196614030423
449,"Torpedo_panthera","Torpedo panthera",33.4196614030423
450,"Dasyatis_izuensis","Dasyatis izuensis",33.3845794833334
451,"Dasyatis_laevigata","Dasyatis laevigata",33.3845794833334
452,"Hemiscyllium_galei","Hemiscyllium galei",33.3524826799063
453,"Paragaleus_tengi","Paragaleus tengi",33.291885723731
454,"Squatina_oculata","Squatina oculata",33.2258214528866
455,"Squatina_australis","Squatina australis",33.2258214528866
456,"Apristurus_gibbosus","Apristurus gibbosus",33.2053077463012
457,"Apristurus_australis","Apristurus australis",33.2053067463012
458,"Rhynchobatus_djiddensis","Rhynchobatus djiddensis",33.1988106082613
459,"Rhynchobatus_australiae","Rhynchobatus australiae",33.1988106082613
460,"Eridacnis_sinuans","Eridacnis sinuans",33.1927972115686
461,"Eridacnis_radcliffei","Eridacnis radcliffei",33.1927972115686
462,"Beringraja_binoculata","Beringraja binoculata",33.0971609343492
463,"Beringraja_pulchra","Beringraja pulchra",33.0971609343492
464,"Rhizoprionodon_oligolinx","Rhizoprionodon oligolinx",33.0532421661556
465,"Sphyrna_corona","Sphyrna corona",33.0258374841917
466,"Etmopterus_molleri","Etmopterus molleri",32.9733488477295
467,"Carcharhinus_perezii","Carcharhinus perezii",32.8596062158485
468,"Urolophus_aurantiacus","Urolophus aurantiacus",32.8471412805737
469,"Apristurus_nasutus","Apristurus nasutus",32.8049374533012
470,"Apristurus_longicephalus","Apristurus longicephalus",32.8049364533012
471,"Orectolobus_leptolineatus","Orectolobus leptolineatus",32.7209621535891
472,"Orectolobus_wardi","Orectolobus wardi",32.7209621535891
473,"Etmopterus_sheikoi","Etmopterus sheikoi",32.7086503868962
474,"Centrophorus_isodon","Centrophorus isodon",32.7005587261285
475,"Squatina_legnota","Squatina legnota",32.5977659501058
476,"Squatina_tergocellatoides","Squatina tergocellatoides",32.5977659501058
477,"Myliobatis_peruvianus","Myliobatis peruvianus",32.5828582887906
478,"Myliobatis_tenuicaudatus","Myliobatis tenuicaudatus",32.5828582887906
479,"Squatina_occulta","Squatina occulta",32.5537065047725
480,"Squatina_guggenheim","Squatina guggenheim",32.5537065047725
481,"Gurgesiella_dorsalifera","Gurgesiella dorsalifera",32.5519381106812
482,"Gurgesiella_atlantica","Gurgesiella atlantica",32.5519381106812
483,"Cruriraja_rugosa","Cruriraja rugosa",32.4581473741636
484,"Squatina_formosa","Squatina formosa",32.4528118061058
485,"Squatina_nebulosa","Squatina nebulosa",32.4528118061058
486,"Urobatis_maculatus","Urobatis maculatus",32.3879216176122
487,"Urobatis_concentricus","Urobatis concentricus",32.3879216176122
488,"Squalus_altipinnis","Squalus altipinnis",32.2511534936808
489,"Dipturus_melanospilus","Dipturus melanospilus",32.0592314585463
490,"Glyphis_sp.1","Glyphis sp.1",32.0289336808651
491,"Apristurus_stenseni","Apristurus stenseni",31.8518284046345
492,"Apristurus_riveri","Apristurus riveri",31.8518284046345
493,"Mobula_munkiana","Mobula munkiana",31.7972189059301
494,"Mobula_hypostoma","Mobula hypostoma",31.7972189059301
495,"Benthobatis_kreffti","Benthobatis kreffti",31.7614276418941
496,"Benthobatis_yangi","Benthobatis yangi",31.7614276418941
497,"Rhizoprionodon_acutus","Rhizoprionodon acutus",31.7016922046556
498,"Rhizoprionodon_taylori","Rhizoprionodon taylori",31.7016922046556
499,"Squalus_acanthias","Squalus acanthias",31.5959549923475
500,"Scyliorhinus_besnardi","Scyliorhinus besnardi",31.5403761645787
501,"Scyliorhinus_torazame","Scyliorhinus torazame",31.5403761645787
502,"Urotrygon_reticulata","Urotrygon reticulata",31.3979825627565
503,"Centrophorus_harrissoni","Centrophorus harrissoni",31.3969131706285
504,"Centrophorus_seychellorum","Centrophorus seychellorum",31.3969121706285
505,"Glaucostegus_typus","Glaucostegus typus",31.3054761455498
506,"Myliobatis_australis","Myliobatis australis",31.2343199008406
507,"Myliobatis_goodei","Myliobatis goodei",31.2343199008406
508,"Cephaloscyllium_pardelotum","Cephaloscyllium pardelotum",31.1912746207242
509,"Cephaloscyllium_speccum","Cephaloscyllium speccum",31.1912746207242
510,"Mobula_thurstoni","Mobula thurstoni",31.1815764343587
511,"Mobula_kuhlii","Mobula kuhlii",31.1815764343587
512,"Brochiraja_microspinifera","Brochiraja microspinifera",31.1774827151382
513,"Himantura_gerrardi","Himantura gerrardi",31.175088268794
514,"Urolophus_kaianus","Urolophus kaianus",31.1554876592737
515,"Apristurus_laurussonii","Apristurus laurussonii",31.1255909458481
516,"Apristurus_spongiceps","Apristurus spongiceps",30.9887851274196
517,"Rhinobatos_rhinobatos","Rhinobatos rhinobatos",30.9883054195774
518,"Rhinobatos_prahli","Rhinobatos prahli",30.9883044195774
519,"Etmopterus_splendidus","Etmopterus splendidus",30.9412269103583
520,"Holohalaelurus_melanostigma","Holohalaelurus melanostigma",30.9037375320224
521,"Heteronarce_prabhui","Heteronarce prabhui",30.8426550601679
522,"Pastinachus_atrus","Pastinachus atrus",30.7290683399821
523,"Chimaera_macrospina","Chimaera macrospina",30.6869444586016
524,"Chimaera_monstrosa","Chimaera monstrosa",30.6869434586016
525,"Etmopterus_dislineatus","Etmopterus dislineatus",30.6660711892295
526,"Etmopterus_joungi","Etmopterus joungi",30.6660701892295
527,"Okamejei_acutispina","Okamejei acutispina",30.565325215258
528,"Himantura_leoparda","Himantura leoparda",30.5616711370797
529,"Leucoraja_compagnoi","Leucoraja compagnoi",30.5551321783485
530,"Hemiscyllium_trispeculare","Hemiscyllium trispeculare",30.5506189655063
531,"Hemiscyllium_henryi","Hemiscyllium henryi",30.5506189655063
532,"Carcharhinus_hemiodon","Carcharhinus hemiodon",30.5489719744985
533,"Scyliorhinus_canicula","Scyliorhinus canicula",30.5283938439636
534,"Scyliorhinus_stellaris","Scyliorhinus stellaris",30.5283938439636
535,"Rhynchobatus_laevis","Rhynchobatus laevis",30.5125648162613
536,"Rhynchobatus_springeri","Rhynchobatus springeri",30.5125648162613
537,"Potamotrygon_tatianae","Potamotrygon tatianae",30.5095575288524
538,"Okamejei_porosa","Okamejei porosa",30.438537921808
539,"Okamejei_heemstrai","Okamejei heemstrai",30.438537921808
540,"Cruriraja_cadenati","Cruriraja cadenati",30.3943764228447
541,"Cruriraja_andamanica","Cruriraja andamanica",30.3943764228447
542,"Himantura_hortlei","Himantura hortlei",30.2791628677463
543,"Chiloscyllium_arabicum","Chiloscyllium arabicum",30.2561266634765
544,"Haploblepharus_edwardsii","Haploblepharus edwardsii",30.2472138825376
545,"Cephaloscyllium_cooki","Cephaloscyllium cooki",30.2195407249464
546,"Triakis_scyllium","Triakis scyllium",30.1242016825414
547,"Bythaelurus_hispidus","Bythaelurus hispidus",30.119141921815
548,"Rhinoptera_hainanensis","Rhinoptera hainanensis",30.075440765968
549,"Raja_velezi","Raja velezi",30.0742579462145
550,"Raja_eglanteria","Raja eglanteria",30.0742579462145
551,"Carcharhinus_borneensis","Carcharhinus borneensis",30.072465525586
552,"Carcharhinus_macloti","Carcharhinus macloti",30.072465525586
553,"Okamejei_pita","Okamejei pita",30.0627575254246
554,"Mustelus_norrisi","Mustelus norrisi",30.0468996938051
555,"Neotrygon_leylandi","Neotrygon leylandi",30.0001552907237
556,"Potamotrygon_schuemacheri","Potamotrygon schuemacheri",29.9510283177703
557,"Squalus_notocaudatus","Squalus notocaudatus",29.9216679563474
558,"Squalus_suckleyi","Squalus suckleyi",29.9216679563474
559,"Centrophorus_lusitanicus","Centrophorus lusitanicus",29.8581247604619
560,"Centrophorus_moluccensis","Centrophorus moluccensis",29.8581247604619
561,"Carcharhinus_brachyurus","Carcharhinus brachyurus",29.8549768285985
562,"Carcharhinus_brevipinna","Carcharhinus brevipinna",29.8549768285985
563,"Carcharhinus_amboinensis","Carcharhinus amboinensis",29.825953832436
564,"Fenestraja_mamillidens","Fenestraja mamillidens",29.8173734055756
565,"Pastinachus_sephen","Pastinachus sephen",29.7795573874821
566,"Pastinachus_gracilicaudus","Pastinachus gracilicaudus",29.7795573874821
567,"Galeus_mincaronei","Galeus mincaronei",29.7764192971821
568,"Neoraja_stehmanni","Neoraja stehmanni",29.7650414029848
569,"Etmopterus_brachyurus","Etmopterus brachyurus",29.7364455438962
570,"Etmopterus_viator","Etmopterus viator",29.7364445438962
571,"Mobula_tarapacana","Mobula tarapacana",29.720205646692
572,"Mobula_japanica","Mobula japanica",29.720205646692
573,"Breviraja_nigriventralis","Breviraja nigriventralis",29.6231098433256
574,"Bythaelurus_alcockii","Bythaelurus alcockii",29.5597572619817
575,"Bythaelurus_giddingsi","Bythaelurus giddingsi",29.5597572619817
576,"Narcine_oculifera","Narcine oculifera",29.507638140883
577,"Narcine_atzi","Narcine atzi",29.507638140883
578,"Apristurus_herklotsi","Apristurus herklotsi",29.4258290284196
579,"Apristurus_micropterygeus","Apristurus micropterygeus",29.4258290284196
580,"Etmopterus_burgessi","Etmopterus burgessi",29.3740254838583
581,"Etmopterus_fusus","Etmopterus fusus",29.3740254838583
582,"Cruriraja_atlantis","Cruriraja atlantis",29.2861429271636
583,"Cruriraja_durbanensis","Cruriraja durbanensis",29.2861429271636
584,"Etmopterus_compagnoi","Etmopterus compagnoi",29.2551315908327
585,"Sphyrna_tiburo","Sphyrna tiburo",29.2516563788583
586,"Squatina_californica","Squatina californica",29.2336455727725
587,"Squatina_dumeril","Squatina dumeril",29.2336455727725
588,"Triakis_maculata","Triakis maculata",29.1446827600414
589,"Triakis_acutipinna","Triakis acutipinna",29.1446827600414
590,"Atlantoraja_platana","Atlantoraja platana",29.0579606128146
591,"Atlantoraja_cyclophora","Atlantoraja cyclophora",29.0579606128146
592,"Raja_asterias","Raja asterias",29.0481980736181
593,"Rhinobatos_nudidorsalis","Rhinobatos nudidorsalis",28.9586627039107
594,"Urotrygon_aspidura","Urotrygon aspidura",28.8802721290898
595,"Rhizoprionodon_longurio","Rhizoprionodon longurio",28.7455775081556
596,"Rhizoprionodon_lalandii","Rhizoprionodon lalandii",28.7455775081556
597,"Dasyatis_gigantea","Dasyatis gigantea",28.7181614947574
598,"Sympterygia_bonapartii","Sympterygia bonapartii",28.6786135744052
599,"Sympterygia_brevicaudata","Sympterygia brevicaudata",28.6786135744052
600,"Himantura_jenkinsii","Himantura jenkinsii",28.6544718501497
601,"Himantura_randalli","Himantura randalli",28.6544708501497
602,"Neotrygon_annotata","Neotrygon annotata",28.6491939082237
603,"Neotrygon_picta","Neotrygon picta",28.6491929082237
604,"Dasyatis_geijskesi","Dasyatis geijskesi",28.5465782742812
605,"Okamejei_leptoura","Okamejei leptoura",28.494727222263
606,"Squalus_brevirostris","Squalus brevirostris",28.4484931573474
607,"Potamotrygon_magdalenae","Potamotrygon magdalenae",28.3866168184635
608,"Potamotrygon_hystrix","Potamotrygon hystrix",28.3866168184635
609,"Anacanthobatis_folirostris","Anacanthobatis folirostris",28.3830796588982
610,"Heteronarce_bentuviai","Heteronarce bentuviai",28.3356054771679
611,"Heteronarce_mollis","Heteronarce mollis",28.3356054771679
612,"Scyliorhinus_comoroensis","Scyliorhinus comoroensis",28.247670054912
613,"Dasyatis_americana","Dasyatis americana",28.1205925285574
614,"Mustelus_californicus","Mustelus californicus",28.1144359756051
615,"Apristurus_sibogae","Apristurus sibogae",28.1010479873481
616,"Apristurus_brunneus","Apristurus brunneus",28.1010479873481
617,"Heliotrygon_gomesi","Heliotrygon gomesi",28.095358235331
618,"Heliotrygon_rosai","Heliotrygon rosai",28.095358235331
619,"Hemitriakis_falcata","Hemitriakis falcata",27.9677424507795
620,"Hemitriakis_complicofasciata","Hemitriakis complicofasciata",27.9677424507795
621,"Bathyraja_richardsoni","Bathyraja richardsoni",27.9368143238447
622,"Gymnura_altavela","Gymnura altavela",27.8201188831886
623,"Gymnura_tentaculata","Gymnura tentaculata",27.8201188831886
624,"Himantura_polylepis","Himantura polylepis",27.670804782383
625,"Himantura_granulata","Himantura granulata",27.670804782383
626,"Leucoraja_lentiginosa","Leucoraja lentiginosa",27.6116306448485
627,"Leucoraja_garmani","Leucoraja garmani",27.6116296448485
628,"Proscymnodon_plunketi","Proscymnodon plunketi",27.5773584212744
629,"Proscymnodon_macracanthus","Proscymnodon macracanthus",27.5773584212744
630,"Rhinobatos_hynnicephalus","Rhinobatos hynnicephalus",27.4539301010774
631,"Hydrolagus_macrophthalmus","Hydrolagus macrophthalmus",27.4407444932588
632,"Hydrolagus_purpurescens","Hydrolagus purpurescens",27.4407444932588
633,"Torpedo_microdiscus","Torpedo microdiscus",27.3452571152392
634,"Leucoraja_caribbaea","Leucoraja caribbaea",27.3164679294652
635,"Leucoraja_pristispina","Leucoraja pristispina",27.3164679294652
636,"Apristurus_pinguis","Apristurus pinguis",27.2900424645759
637,"Apristurus_profundorum","Apristurus profundorum",27.2900424645759
638,"Sphyrna_tudes","Sphyrna tudes",27.2788103888583
639,"Sphyrna_media","Sphyrna media",27.2788103888583
640,"Arhynchobatis_asperrimus","Arhynchobatis asperrimus",27.2677503063219
641,"Pseudoraja_fischeri","Pseudoraja fischeri",27.2677503063219
642,"Dasyatis_multispinosa","Dasyatis multispinosa",27.2412367116528
643,"Dasyatis_ushiei","Dasyatis ushiei",27.1988686149862
644,"Galeus_polli","Galeus polli",27.1411387643154
645,"Carcharhinus_melanopterus","Carcharhinus melanopterus",27.0615657969485
646,"Carcharhinus_cautus","Carcharhinus cautus",27.0615657969485
647,"Glyphis_glyphis","Glyphis glyphis",27.0520136975318
648,"Okamejei_hollandi","Okamejei hollandi",26.9336640043691
649,"Okamejei_arafurensis","Okamejei arafurensis",26.9336630043691
650,"Oxynotus_japonicus","Oxynotus japonicus",26.8407334016464
651,"Oxynotus_centrina","Oxynotus centrina",26.8407334016464
652,"Haploblepharus_pictus","Haploblepharus pictus",26.8228665620376
653,"Haploblepharus_kistnasamyi","Haploblepharus kistnasamyi",26.8228665620376
654,"Rajella_ravidula","Rajella ravidula",26.789145500284
655,"Glaucostegus_microphthalmus","Glaucostegus microphthalmus",26.7774802855498
656,"Glaucostegus_thouin","Glaucostegus thouin",26.7774802855498
657,"Etmopterus_caudistigmus","Etmopterus caudistigmus",26.7719054648581
658,"Etmopterus_decacuspidatus","Etmopterus decacuspidatus",26.7719054648581
659,"Mustelus_schmitti","Mustelus schmitti",26.7151177882462
660,"Rhinobatos_annandalei","Rhinobatos annandalei",26.6952710872107
661,"Acroteriobatus_variegatus","Acroteriobatus variegatus",26.6952710872107
662,"Chiloscyllium_hasseltii","Chiloscyllium hasseltii",26.5521599699765
663,"Chiloscyllium_griseum","Chiloscyllium griseum",26.5521599699765
664,"Bythaelurus_immaculatus","Bythaelurus immaculatus",26.534511219815
665,"Bythaelurus_clevai","Bythaelurus clevai",26.534511219815
666,"Mustelus_walkeri","Mustelus walkeri",26.5173053363051
667,"Raja_montagui","Raja montagui",26.5138781838466
668,"Glaucostegus_obtusus","Glaucostegus obtusus",26.4913225750498
669,"Glaucostegus_spinosus","Glaucostegus spinosus",26.4913225750498
670,"Chimaera_lignaria","Chimaera lignaria",26.3699163185933
671,"Chimaera_notafricana","Chimaera notafricana",26.3699163185933
672,"Squatina_albipunctata","Squatina albipunctata",26.3201337008866
673,"Carcharhinus_sealei","Carcharhinus sealei",26.273566735586
674,"Carcharhinus_dussumieri","Carcharhinus dussumieri",26.273566735586
675,"Mustelus_canis","Mustelus canis",26.2605563891718
676,"Neoraja_carolinensis","Neoraja carolinensis",26.2534567062348
677,"Cephaloscyllium_fasciatum","Cephaloscyllium fasciatum",26.2410225499778
678,"Cephaloscyllium_pictum","Cephaloscyllium pictum",26.2410225499778
679,"Crassinarke_dormitor","Crassinarke dormitor",26.2291546666679
680,"Carcharhinus_isodon","Carcharhinus isodon",26.1853261715318
681,"Anacanthobatis_stenosoma","Anacanthobatis stenosoma",26.1600169915149
682,"Bythaelurus_lutarius","Bythaelurus lutarius",26.0792326656484
683,"Squalus_crassispinus","Squalus crassispinus",25.9015541475691
684,"Hydrolagus_trolli","Hydrolagus trolli",25.8870672564016
685,"Halaelurus_sellus","Halaelurus sellus",25.7999011579519
686,"Halaelurus_buergeri","Halaelurus buergeri",25.7999011579519
687,"Rajella_barnardi","Rajella barnardi",25.793692726384
688,"Malacoraja_obscura","Malacoraja obscura",25.7589282331515
689,"Malacoraja_senta","Malacoraja senta",25.7589282331515
690,"Dasyatis_marianae","Dasyatis marianae",25.7549867920574
691,"Dasyatis_longa","Dasyatis longa",25.7549857920574
692,"Scyliorhinus_garmani","Scyliorhinus garmani",25.741436500412
693,"Scyliorhinus_tokubee","Scyliorhinus tokubee",25.741436500412
694,"Mustelus_lunulatus","Mustelus lunulatus",25.6032386918218
695,"Rhinobatos_schlegelii","Rhinobatos schlegelii",25.5980807220774
696,"Rhinobatos_formosensis","Rhinobatos formosensis",25.5980807220774
697,"Squatina_tergocellata","Squatina tergocellata",25.4952165388866
698,"Squatina_pseudocellata","Squatina pseudocellata",25.4952165388866
699,"Dasyatis_parvonigra","Dasyatis parvonigra",25.4524963783334
700,"Centroscyllium_ornatum","Centroscyllium ornatum",25.3769386530056
701,"Breviraja_spinosa","Breviraja spinosa",25.364746989659
702,"Raja_stellulata","Raja stellulata",25.3212192656825
703,"Raja_rhina","Raja rhina",25.3212192656825
704,"Paragaleus_leucolomatus","Paragaleus leucolomatus",25.1424069863977
705,"Squalus_melanurus","Squalus melanurus",25.0925425818474
706,"Squalus_albifrons","Squalus albifrons",25.0925425818474
707,"Bathyraja_andriashevi","Bathyraja andriashevi",25.0688231833328
708,"Leucoraja_erinacea","Leucoraja erinacea",25.0277705419818
709,"Scyliorhinus_cervigoni","Scyliorhinus cervigoni",24.9349777219636
710,"Scyliorhinus_retifer","Scyliorhinus retifer",24.9349777219636
711,"Rajella_lintea","Rajella lintea",24.902298944284
712,"Rajella_nigerrima","Rajella nigerrima",24.902298944284
713,"Hydrolagus_affinis","Hydrolagus affinis",24.8510173699016
714,"Hydrolagus_mirabilis","Hydrolagus mirabilis",24.8510173699016
715,"Psammobatis_extenta","Psammobatis extenta",24.8182743506135
716,"Anacanthobatis_donghaiensis","Anacanthobatis donghaiensis",24.7421133528482
717,"Malacoraja_kreffti","Malacoraja kreffti",24.6168760571515
718,"Malacoraja_spinacidermis","Malacoraja spinacidermis",24.6168760571515
719,"Breviraja_colesi","Breviraja colesi",24.615792138659
720,"Breviraja_claramaculata","Breviraja claramaculata",24.615792138659
721,"Etmopterus_sculptus","Etmopterus sculptus",24.5772365768581
722,"Etmopterus_sentosus","Etmopterus sentosus",24.5772365768581
723,"Dasyatis_matsubarai","Dasyatis matsubarai",24.4341253031528
724,"Dasyatis_brevicaudata","Dasyatis brevicaudata",24.4341253031528
725,"Paragaleus_pectoralis","Paragaleus pectoralis",24.3880726628977
726,"Paragaleus_randalli","Paragaleus randalli",24.3880726628977
727,"Holohalaelurus_punctatus","Holohalaelurus punctatus",24.3629338773558
728,"Narcine_rierai","Narcine rierai",24.343494261883
729,"Narcine_brevilabiata","Narcine brevilabiata",24.343494261883
730,"Holohalaelurus_favus","Holohalaelurus favus",24.2959227521558
731,"Holohalaelurus_regani","Holohalaelurus regani",24.2959227521558
732,"Squalus_grahami","Squalus grahami",24.2952881638058
733,"Psammobatis_rudis","Psammobatis rudis",24.2069886139469
734,"Urolophus_orarius","Urolophus orarius",24.2031230827904
735,"Rhizoprionodon_terraenovae","Rhizoprionodon terraenovae",24.2012212141556
736,"Rhizoprionodon_porosus","Rhizoprionodon porosus",24.2012212141556
737,"Temera_hardwickii","Temera hardwickii",24.2002028018679
738,"Narcine_firma","Narcine firma",24.181926462883
739,"Narcine_maculata","Narcine maculata",24.181926462883
740,"Etmopterus_dianthus","Etmopterus dianthus",24.1223898703327
741,"Scyliorhinus_torrei","Scyliorhinus torrei",24.1016976874636
742,"Scyliorhinus_haeckelii","Scyliorhinus haeckelii",24.1016976874636
743,"Centroscyllium_fabricii","Centroscyllium fabricii",24.0964263940056
744,"Centroscyllium_ritteri","Centroscyllium ritteri",24.0964263940056
745,"Typhlonarke_aysoni","Typhlonarke aysoni",24.0871724768346
746,"Typhlonarke_tarakea","Typhlonarke tarakea",24.0871724768346
747,"Rajella_fyllae","Rajella fyllae",23.9629392381874
748,"Fenestraja_maceachrani","Fenestraja maceachrani",23.9232239315756
749,"Narcine_brasiliensis","Narcine brasiliensis",23.780157485383
750,"Narcine_vermiculatus","Narcine vermiculatus",23.780157485383
751,"Himantura_uarnak","Himantura uarnak",23.7487341037463
752,"Rajella_challengeri","Rajella challengeri",23.6751631806874
753,"Rajella_bigelowi","Rajella bigelowi",23.6751621806874
754,"Dasyatis_thetidis","Dasyatis thetidis",23.6572054764862
755,"Dasyatis_centroura","Dasyatis centroura",23.6572054764862
756,"Neoraja_caerulea","Neoraja caerulea",23.6030346055682
757,"Prionace_glauca","Prionace glauca",23.5454716644985
758,"Carcharhinus_albimarginatus","Carcharhinus albimarginatus",23.5454716644985
759,"Torpedo_fairchildi","Torpedo fairchildi",23.5255418692392
760,"Torpedo_alexandrinsis","Torpedo alexandrinsis",23.5255418692392
761,"Urotrygon_chilensis","Urotrygon chilensis",23.4975782020898
762,"Urotrygon_peruanus","Urotrygon peruanus",23.4975782020898
763,"Hemitriakis_japanica","Hemitriakis japanica",23.4502247091128
764,"Hemitriakis_abdita","Hemitriakis abdita",23.3029609458128
765,"Hemitriakis_leucoperiptera","Hemitriakis leucoperiptera",23.3029609458128
766,"Dipturus_bullisi","Dipturus bullisi",23.2938686510408
767,"Dipturus_garricki","Dipturus garricki",23.2938686510408
768,"Myliobatis_ridens","Myliobatis ridens",23.2400261309073
769,"Myliobatis_tobijei","Myliobatis tobijei",23.2400261309073
770,"Bythaelurus_incanus","Bythaelurus incanus",23.1635101056484
771,"Bythaelurus_dawsoni","Bythaelurus dawsoni",23.1635101056484
772,"Anacanthobatis_ori","Anacanthobatis ori",23.0658705340149
773,"Anacanthobatis_americanus","Anacanthobatis americanus",23.0658705340149
774,"Dasyatis_guttata","Dasyatis guttata",23.0198273605812
775,"Dasyatis_hypostigma","Dasyatis hypostigma",23.0198273605812
776,"Squalus_cubensis","Squalus cubensis",23.0126263244058
777,"Hemiscyllium_freycineti","Hemiscyllium freycineti",23.0081421263563
778,"Hemiscyllium_hallstromi","Hemiscyllium hallstromi",23.0081421263563
779,"Leucoraja_naevus","Leucoraja naevus",22.9716150192371
780,"Scyliorhinus_meadi","Scyliorhinus meadi",22.955298453912
781,"Scyliorhinus_boa","Scyliorhinus boa",22.955298453912
782,"Torpedo_californica","Torpedo californica",22.8952635389059
783,"Torpedo_puelcha","Torpedo puelcha",22.8952635389059
784,"Carcharhinus_wheeleri","Carcharhinus wheeleri",22.8502064124985
785,"Carcharhinus_falciformis","Carcharhinus falciformis",22.8502054124985
786,"Bathyraja_hesperafricana","Bathyraja hesperafricana",22.6648780532899
787,"Glyphis_garricki","Glyphis garricki",22.6294688785318
788,"Glyphis_siamensis","Glyphis siamensis",22.6294688785318
789,"Sympterygia_acuta","Sympterygia acuta",22.5440969139052
790,"Sympterygia_lima","Sympterygia lima",22.5440969139052
791,"Rhinoptera_brasiliensis","Rhinoptera brasiliensis",22.4546647630108
792,"Rhinoptera_peli","Rhinoptera peli",22.4546647630108
793,"Cephaloscyllium_variegatum","Cephaloscyllium variegatum",22.3909471955714
794,"Himantura_undulata","Himantura undulata",22.3677015332463
795,"Himantura_marginata","Himantura marginata",22.3677005332463
796,"Bathyraja_ishiharai","Bathyraja ishiharai",22.35510353383
797,"Bathyraja_spinosissima","Bathyraja spinosissima",22.35510353383
798,"Rajella_eisenhardti","Rajella eisenhardti",22.1993055226874
799,"Rajella_caudaspinosa","Rajella caudaspinosa",22.1993045226874
800,"Hemiscyllium_strahani","Hemiscyllium strahani",22.1368998919063
801,"Hemiscyllium_michaeli","Hemiscyllium michaeli",22.1368998919063
802,"Galeus_melastomus","Galeus melastomus",22.0948823605654
803,"Urolophus_westraliensis","Urolophus westraliensis",22.044105860757
804,"Urolophus_armatus","Urolophus armatus",22.0441048607571
805,"Potamotrygon_marinae","Potamotrygon marinae",22.0244508577703
806,"Potamotrygon_falkneri","Potamotrygon falkneri",22.0244508577703
807,"Mustelus_higmani","Mustelus higmani",21.9123246846718
808,"Mustelus_henlei","Mustelus henlei",21.9123246846718
809,"Brochiraja_aenigma","Brochiraja aenigma",21.8291803751382
810,"Fenestraja_cubensis","Fenestraja cubensis",21.7192450405756
811,"Fenestraja_sinusmexicanus","Fenestraja sinusmexicanus",21.7192450405756
812,"Urotrygon_serrula","Urotrygon serrula",21.6804318647565
813,"Urotrygon_microphthalmum","Urotrygon microphthalmum",21.6804318647565
814,"Okamejei_meerdervoortii","Okamejei meerdervoortii",21.651531517263
815,"Okamejei_mengae","Okamejei mengae",21.651531517263
816,"Leucoraja_wallacei","Leucoraja wallacei",21.6184558369038
817,"Galeus_schultzi","Galeus schultzi",21.6167317611821
818,"Galeus_nipponensis","Galeus nipponensis",21.6167317611821
819,"Bathyraja_griseocauda","Bathyraja griseocauda",21.601073565178
820,"Torpedo_marmorata","Torpedo marmorata",21.5322054555044
821,"Galeus_atlanticus","Galeus atlanticus",21.5187022629654
822,"Narcine_nigra","Narcine nigra",21.475927235264
823,"Cephaloscyllium_laticeps","Cephaloscyllium laticeps",21.4284069752857
824,"Myliobatis_rhombus","Myliobatis rhombus",21.3884804819073
825,"Myliobatis_hamlyni","Myliobatis hamlyni",21.3884804819073
826,"Narcine_insolita","Narcine insolita",21.276538271764
827,"Narcine_brunnea","Narcine brunnea",21.276538271764
828,"Apristurus_melanoasper","Apristurus melanoasper",21.2205697841815
829,"Apristurus_platyrhynchus","Apristurus platyrhynchus",21.1238575347815
830,"Apristurus_sinensis","Apristurus sinensis",21.1238575347815
831,"Dipturus_springeri","Dipturus springeri",21.0913725582204
832,"Dipturus_queenslandicus","Dipturus queenslandicus",21.0913725582204
833,"Squalus_mitsukurii","Squalus mitsukurii",21.0095904574058
834,"Narcine_lingula","Narcine lingula",20.919820939264
835,"Bathyraja_notoroensis","Bathyraja notoroensis",20.8136919439994
836,"Dipturus_doutrei","Dipturus doutrei",20.7971857307976
837,"Urolophus_kapalensis","Urolophus kapalensis",20.7858352546904
838,"Urolophus_lobatus","Urolophus lobatus",20.7858342546904
839,"Parmaturus_melanobranchus","Parmaturus melanobranchus",20.7822697011835
840,"Parmaturus_albipenis","Parmaturus albipenis",20.7822697011835
841,"Raja_microocellata","Raja microocellata",20.7508031080133
842,"Cephaloscyllium_ventriosum","Cephaloscyllium ventriosum",20.7234317873112
843,"Anacanthobatis_nanhaiensis","Anacanthobatis nanhaiensis",20.7144288378482
844,"Anacanthobatis_marmoratus","Anacanthobatis marmoratus",20.7144288378482
845,"Mustelus_manazo","Mustelus manazo",20.6552289838017
846,"Urolophus_papilio","Urolophus papilio",20.6281761196571
847,"Electrolux_addisoni","Electrolux addisoni",20.6205202736179
848,"Potamotrygon_brachyura","Potamotrygon brachyura",20.592132373437
849,"Apristurus_macrostomus","Apristurus macrostomus",20.5852785565153
850,"Dipturus_nidarosiensis","Dipturus nidarosiensis",20.5080972402314
851,"Nasolamia_velox","Nasolamia velox",20.4999349345318
852,"Carcharhinus_acronotus","Carcharhinus acronotus",20.4999349345318
853,"Squalus_lalannei","Squalus lalannei",20.4847178115691
854,"Squalus_formosus","Squalus formosus",20.4847178115691
855,"Glyphis_fowlerae","Glyphis fowlerae",20.4555422138651
856,"Glyphis_gangeticus","Glyphis gangeticus",20.4555422138651
857,"Squalus_edmundsi","Squalus edmundsi",20.4175347710691
858,"Squalus_hemipinnis","Squalus hemipinnis",20.4175347710691
859,"Mustelus_mosis","Mustelus mosis",20.3431581394885
860,"Brochiraja_vittacauda","Brochiraja vittacauda",20.3016499916382
861,"Brochiraja_heuresa","Brochiraja heuresa",20.3016499916382
862,"Urolophus_expansus","Urolophus expansus",20.281149058607
863,"Psammobatis_normani","Psammobatis normani",20.2784262259469
864,"Psammobatis_lentiginosa","Psammobatis lentiginosa",20.2784262259469
865,"Carcharhinus_leiodon","Carcharhinus leiodon",20.2424791376151
866,"Torpedo_torpedo","Torpedo torpedo",20.1378026754044
867,"Centroscyllium_granulatum","Centroscyllium granulatum",20.0655955392556
868,"Centroscyllium_excelsum","Centroscyllium excelsum",20.0655955392556
869,"Fenestraja_sibogae","Fenestraja sibogae",19.9565492481173
870,"Carcharhinus_sorrah","Carcharhinus sorrah",19.934702197436
871,"Triaenodon_obesus","Triaenodon obesus",19.934701197436
872,"Squalus_rancureli","Squalus rancureli",19.9179725550725
873,"Torpedo_andersoni","Torpedo andersoni",19.8882705298377
874,"Psammobatis_rutrum","Psammobatis rutrum",19.8041094566135
875,"Psammobatis_parvacauda","Psammobatis parvacauda",19.8041094566135
876,"Himantura_kittipongi","Himantura kittipongi",19.7884911937463
877,"Himantura_fai","Himantura fai",19.7884911937463
878,"Amblyraja_radiata","Amblyraja radiata",19.7741454624652
879,"Carcharhinus_tjutjot","Carcharhinus tjutjot",19.6849037387056
880,"Carcharhinus_cerdale","Carcharhinus cerdale",19.6849037387056
881,"Urolophus_viridis","Urolophus viridis",19.651479548107
882,"Urolophus_neocaledoniensis","Urolophus neocaledoniensis",19.651478548107
883,"Apristurus_kampae","Apristurus kampae",19.643371686507
884,"Narcine_timlei","Narcine timlei",19.616684471764
885,"Narcine_bancroftii","Narcine bancroftii",19.616684471764
886,"Galeus_cadenati","Galeus cadenati",19.5075535034654
887,"Galeus_priapus","Galeus priapus",19.5075535034654
888,"Cephaloscyllium_sarawakensis","Cephaloscyllium sarawakensis",19.4839230174524
889,"Etmopterus_pycnolepis","Etmopterus pycnolepis",19.4712155906916
890,"Etmopterus_carteri","Etmopterus carteri",19.4712155906916
891,"Leucoraja_melitensis","Leucoraja melitensis",19.4211385179038
892,"Leucoraja_fullonica","Leucoraja fullonica",19.4211375179038
893,"Dipturus_gudgeri","Dipturus gudgeri",19.3676802719961
894,"Dipturus_innominatus","Dipturus innominatus",19.3676802719961
895,"Etmopterus_unicolor","Etmopterus unicolor",19.3604008139041
896,"Etmopterus_litvinovi","Etmopterus litvinovi",19.3604008139041
897,"Etmopterus_pseudosqualiolus","Etmopterus pseudosqualiolus",19.3094616136916
898,"Etmopterus_perryi","Etmopterus perryi",19.3094616136916
899,"Cephaloscyllium_isabellum","Cephaloscyllium isabellum",19.2345053775724
900,"Dasyatis_laosensis","Dasyatis laosensis",19.2175947480001
901,"Fenestraja_plutonia","Fenestraja plutonia",19.2002099951173
902,"Fenestraja_atripinna","Fenestraja atripinna",19.2002099951173
903,"Bathyraja_bergi","Bathyraja bergi",19.1591926663649
904,"Zearaja_argentinensis","Zearaja argentinensis",19.0629303008742
905,"Zearaja_maugeana","Zearaja maugeana",19.0629303008742
906,"Plesiotrygon_iwamae","Plesiotrygon iwamae",19.0408160735349
907,"Plesiotrygon_nana","Plesiotrygon nana",19.0408160735349
908,"Leucoraja_ocellata","Leucoraja ocellata",18.9317299954818
909,"Cephaloscyllium_signourum","Cephaloscyllium signourum",18.9062481049112
910,"Cephaloscyllium_stevensi","Cephaloscyllium stevensi",18.9062481049112
911,"Rajella_dissimilis","Rajella dissimilis",18.8502348308284
912,"Carcharhinus_limbatus","Carcharhinus limbatus",18.8221881216151
913,"Rhinoptera_sewelli","Rhinoptera sewelli",18.8142855941108
914,"Rhinoptera_marginata","Rhinoptera marginata",18.8142855941108
915,"Galeus_gracilis","Galeus gracilis",18.7483400621004
916,"Galeus_springeri","Galeus springeri",18.7483400621004
917,"Cephaloscyllium_albipinnum","Cephaloscyllium albipinnum",18.7238949805724
918,"Carcharhinus_coatesi","Carcharhinus coatesi",18.6223085723723
919,"Urotrygon_venezuelae","Urotrygon venezuelae",18.5176306389827
920,"Himantura_pastinacoides","Himantura pastinacoides",18.512640214232
921,"Neoraja_africana","Neoraja africana",18.5024291361682
922,"Neoraja_iberica","Neoraja iberica",18.5024291361682
923,"Carcharhinus_leucas","Carcharhinus leucas",18.4979357061985
924,"Bathyraja_abyssicola","Bathyraja abyssicola",18.4966864866754
925,"Bathyraja_trachura","Bathyraja trachura",18.4966864866754
926,"Carcharhinus_tilstoni","Carcharhinus tilstoni",18.3840011806151
927,"Carcharhinus_amblyrhynchoides","Carcharhinus amblyrhynchoides",18.3840011806151
928,"Cephaloscyllium_umbratile","Cephaloscyllium umbratile",18.368103468439
929,"Potamotrygon_henlei","Potamotrygon henlei",18.3405106945703
930,"Potamotrygon_humerosa","Potamotrygon humerosa",18.3405106945703
931,"Squalus_japonicus","Squalus japonicus",18.3317605755691
932,"Dasyatis_bennetti","Dasyatis bennetti",18.3138073604334
933,"Dasyatis_navarrae","Dasyatis navarrae",18.3138073604334
934,"Torpedo_macneilli","Torpedo macneilli",18.3118064205726
935,"Pavoraja_nitida","Pavoraja nitida",18.2946392861044
936,"Pavoraja_arenaria","Pavoraja arenaria",18.2946392861044
937,"Centroscyllium_kamoharai","Centroscyllium kamoharai",18.2806362727556
938,"Centroscyllium_nigrum","Centroscyllium nigrum",18.2806362727556
939,"Apristurus_albisoma","Apristurus albisoma",18.1792586945153
940,"Apristurus_bucephalus","Apristurus bucephalus",18.1792586945153
941,"Dipturus_oregoni","Dipturus oregoni",18.0673681010463
942,"Rhinoptera_neglecta","Rhinoptera neglecta",18.0543833968441
943,"Dipturus_lanceorostratus","Dipturus lanceorostratus",18.0172894331954
944,"Dipturus_mennii","Dipturus mennii",18.0172894331954
945,"Raja_bahamensis","Raja bahamensis",17.9441782436181
946,"Mustelus_mustelus","Mustelus mustelus",17.8208235578218
947,"Mustelus_fasciatus","Mustelus fasciatus",17.8208235578218
948,"Cephaloscyllium_zebrum","Cephaloscyllium zebrum",17.809047242939
949,"Cephaloscyllium_hiscosellum","Cephaloscyllium hiscosellum",17.809046242939
950,"Bathyraja_simoterus","Bathyraja simoterus",17.7262064619994
951,"Bathyraja_tzinovskii","Bathyraja tzinovskii",17.7262064619994
952,"Urotrygon_cimar","Urotrygon cimar",17.7092917367327
953,"Urotrygon_nana","Urotrygon nana",17.7092917367327
954,"Narke_japonica","Narke japonica",17.7016641969512
955,"Bathyraja_smithii","Bathyraja smithii",17.6553324838447
956,"Apristurus_ampliceps","Apristurus ampliceps",17.650799607307
957,"Apristurus_parvipinnis","Apristurus parvipinnis",17.6372722441737
958,"Apristurus_aphyodes","Apristurus aphyodes",17.6372722441737
959,"Torpedo_formosa","Torpedo formosa",17.5745761099059
960,"Torpedo_adenensis","Torpedo adenensis",17.5745761099059
961,"Asymbolus_analis","Asymbolus analis",17.5198474527874
962,"Carcharhinus_altimus","Carcharhinus altimus",17.4614245776985
963,"Carcharhinus_plumbeus","Carcharhinus plumbeus",17.4614245776985
964,"Amblyraja_robertsi","Amblyraja robertsi",17.4047814350207
965,"Dipturus_acrobelus","Dipturus acrobelus",17.3653861371309
966,"Parmaturus_albimarginatus","Parmaturus albimarginatus",17.3189508792335
967,"Parmaturus_sp.","Parmaturus sp.",17.3189508792335
968,"Himantura_walga","Himantura walga",17.277201767294
969,"Himantura_dalyensis","Himantura dalyensis",17.277201767294
970,"Asymbolus_occiduus","Asymbolus occiduus",17.2395797631208
971,"Torpedo_fuscomaculata","Torpedo fuscomaculata",17.1699694539044
972,"Torpedo_zugmayeri","Torpedo zugmayeri",17.1699684539044
973,"Himantura_toshi","Himantura toshi",17.137511476932
974,"Himantura_astra","Himantura astra",17.137511476932
975,"Leucoraja_virginica","Leucoraja virginica",17.1039232404818
976,"Dasyatis_hastata","Dasyatis hastata",17.0917886940001
977,"Dasyatis_akajei","Dasyatis akajei",17.0917876940001
978,"Squalus_blainville","Squalus blainville",17.0551483275691
979,"Asymbolus_vincenti","Asymbolus vincenti",17.0218579551208
980,"Asymbolus_parvus","Asymbolus parvus",17.0218579551208
981,"Torpedo_sinuspersici","Torpedo sinuspersici",16.9045662233377
982,"Torpedo_tremens","Torpedo tremens",16.9045662233377
983,"Rhinoptera_javanica","Rhinoptera javanica",16.8882197648441
984,"Rhinoptera_adspersa","Rhinoptera adspersa",16.8882187648441
985,"Notoraja_alisae","Notoraja alisae",16.8760770250764
986,"Insentiraja_subtilispinosa","Insentiraja subtilispinosa",16.7842143084249
987,"Insentiraja_laxipella","Insentiraja laxipella",16.7842143084249
988,"Narke_dipterygia","Narke dipterygia",16.7422632400512
989,"Narke_capensis","Narke capensis",16.7422632400512
990,"Bathyraja_aleutica","Bathyraja aleutica",16.6573622676649
991,"Bathyraja_isotrachys","Bathyraja isotrachys",16.6573612676649
992,"Asymbolus_submaculatus","Asymbolus submaculatus",16.5087598782874
993,"Asymbolus_rubiginosus","Asymbolus rubiginosus",16.5087598782874
994,"Parmaturus_macmillani","Parmaturus macmillani",16.3309163523835
995,"Parmaturus_xaniurus","Parmaturus xaniurus",16.3309163523835
996,"Dipturus_ecuadoriensis","Dipturus ecuadoriensis",16.3241687456309
997,"Dipturus_intermedia","Dipturus intermedia",16.3241687456309
998,"Dipturus_gigas","Dipturus gigas",16.3231308452314
999,"Urotrygon_munda","Urotrygon munda",16.303533705316
1000,"Torpedo_nobiliana","Torpedo nobiliana",16.2751165520726
1001,"Torpedo_polleni","Torpedo polleni",16.2751155520726
1002,"Galeus_piperatus","Galeus piperatus",16.2241210937905
1003,"Galeus_arae","Galeus arae",16.2241210937905
1004,"Psammobatis_scobina","Psammobatis scobina",16.2216831197802
1005,"Psammobatis_bergi","Psammobatis bergi",16.2216831197802
1006,"Mustelus_ravidus","Mustelus ravidus",16.1964776284885
1007,"Mustelus_widodoi","Mustelus widodoi",16.1964776284885
1008,"Parmaturus_pilosus","Parmaturus pilosus",16.1910681757335
1009,"Pavoraja_mosaica","Pavoraja mosaica",16.1874959223544
1010,"Pavoraja_pseudonitida","Pavoraja pseudonitida",16.1874959223544
1011,"Brochiraja_asperula","Brochiraja asperula",16.1715535308632
1012,"Brochiraja_spinifera","Brochiraja spinifera",16.1715535308632
1013,"Apristurus_indicus","Apristurus indicus",16.156485841007
1014,"Apristurus_fedorovi","Apristurus fedorovi",16.156485841007
1015,"Potamotrygon_boesemani","Potamotrygon boesemani",16.1144906008016
1016,"Dasyatis_garouaensis","Dasyatis garouaensis",16.0824759676667
1017,"Okamejei_schmidti","Okamejei schmidti",16.0083648274246
1018,"Raja_miraletus","Raja miraletus",15.9967828652332
1019,"Okamejei_kenojei","Okamejei kenojei",15.9556941379246
1020,"Okamejei_philipi","Okamejei philipi",15.9556931379246
1021,"Parmaturus_campechiensis","Parmaturus campechiensis",15.9327731623835
1022,"Parmaturus_bigus","Parmaturus bigus",15.9327731623835
1023,"Urolophus_javanicus","Urolophus javanicus",15.9224372656571
1024,"Okamejei_boesemani","Okamejei boesemani",15.8655865060246
1025,"Okamejei_cairae","Okamejei cairae",15.8655865060246
1026,"Rajella_fuliginea","Rajella fuliginea",15.860972541884
1027,"Rajella_kukujevi","Rajella kukujevi",15.860971541884
1028,"Rajella_leopardus","Rajella leopardus",15.7444669113284
1029,"Rajella_purpuriventralis","Rajella purpuriventralis",15.7444669113284
1030,"Himantura_imbricata","Himantura imbricata",15.582108305694
1031,"Dasyatis_lata","Dasyatis lata",15.582108305694
1032,"Squalus_montalbani","Squalus montalbani",15.3957237893724
1033,"Squalus_chloroculus","Squalus chloroculus",15.3957237893724
1034,"Pavoraja_alleni","Pavoraja alleni",15.3814775193544
1035,"Pavoraja_umbrosa","Pavoraja umbrosa",15.3814775193544
1036,"Dasyatis_tortonesei","Dasyatis tortonesei",15.3168818196667
1037,"Dasyatis_fluviorum","Dasyatis fluviorum",15.3168808196667
1038,"Dipturus_trachydermus","Dipturus trachydermus",15.2312443042742
1039,"Dipturus_leptocaudus","Dipturus leptocaudus",15.2312443042742
1040,"Notoraja_fijiensis","Notoraja fijiensis",15.1819325806431
1041,"Squalus_nasutus","Squalus nasutus",15.1543444265691
1042,"Squalus_raoulensis","Squalus raoulensis",15.1543444265691
1043,"Urolophus_sufflavus","Urolophus sufflavus",15.151589435457
1044,"Mustelus_stevensi","Mustelus stevensi",15.1169742163017
1045,"Mustelus_palumbes","Mustelus palumbes",15.0838934380517
1046,"Mustelus_asterias","Mustelus asterias",15.0838934380517
1047,"Dipturus_pullopunctata","Dipturus pullopunctata",15.0747443043797
1048,"Notoraja_sticta","Notoraja sticta",15.0696587474364
1049,"Urolophus_cruciatus","Urolophus cruciatus",15.061446250857
1050,"Urolophus_paucimaculatus","Urolophus paucimaculatus",15.061446250857
1051,"Bathyraja_scaphiops","Bathyraja scaphiops",15.0230492567494
1052,"Urolophus_piperatus","Urolophus piperatus",14.9304243301571
1053,"Urolophus_deforgesi","Urolophus deforgesi",14.9304243301571
1054,"Rajella_annandalei","Rajella annandalei",14.9096355820506
1055,"Dipturus_laevis","Dipturus laevis",14.8677209657976
1056,"Dipturus_campbelli","Dipturus campbelli",14.8677209657976
1057,"Bathyraja_shuntovi","Bathyraja shuntovi",14.8177589006994
1058,"Apristurus_manis","Apristurus manis",14.715066344107
1059,"Apristurus_microps","Apristurus microps",14.715066344107
1060,"Raja_rouxi","Raja rouxi",14.6572625972332
1061,"Bathyraja_microtrachys","Bathyraja microtrachys",14.6277984218315
1062,"Isogomphodon_oxyrhynchus","Isogomphodon oxyrhynchus",14.5944364517056
1063,"Carcharhinus_longimanus","Carcharhinus longimanus",14.5944364517056
1064,"Potamotrygon_ocellata","Potamotrygon ocellata",14.5768144508016
1065,"Potamotrygon_yepezi","Potamotrygon yepezi",14.5768144508016
1066,"Potamotrygon_signata","Potamotrygon signata",14.5103126541349
1067,"Potamotrygon_leopoldi","Potamotrygon leopoldi",14.5103126541349
1068,"Mustelus_antarcticus","Mustelus antarcticus",14.4559231137017
1069,"Urotrygon_simulatrix","Urotrygon simulatrix",14.427992058816
1070,"Urotrygon_caudispinosus","Urotrygon caudispinosus",14.427992058816
1071,"Raja_maderensis","Raja maderensis",14.3421893033314
1072,"Zearaja_chilensis","Zearaja chilensis",14.3417090393742
1073,"Zearaja_nasuta","Zearaja nasuta",14.3417090393742
1074,"Dipturus_crosnieri","Dipturus crosnieri",14.2651829780287
1075,"Dipturus_oxyrinchus","Dipturus oxyrinchus",14.0567703267976
1076,"Notoraja_azurea","Notoraja azurea",14.0247319468931
1077,"Brochiraja_leviveneta","Brochiraja leviveneta",14.0032323094632
1078,"Brochiraja_albilabiata","Brochiraja albilabiata",14.0032323094632
1079,"Bathyraja_leucomelanos","Bathyraja leucomelanos",13.9784908708447
1080,"Bathyraja_trachouros","Bathyraja trachouros",13.9784908708447
1081,"Dipturus_endeavouri","Dipturus endeavouri",13.9687286392314
1082,"Bathyraja_pallida","Bathyraja pallida",13.9382774994994
1083,"Raja_atriventralis","Raja atriventralis",13.8356206914931
1084,"Raja_africana","Raja africana",13.8356206914931
1085,"Raja_rondeleti","Raja rondeleti",13.80353773008
1086,"Carcharhinus_obscurus","Carcharhinus obscurus",13.8013314683723
1087,"Carcharhinus_galapagensis","Carcharhinus galapagensis",13.8013314683723
1088,"Raja_brachyura","Raja brachyura",13.7636102659133
1089,"Raja_chinensis","Raja chinensis",13.7636102659133
1090,"Mustelus_mento","Mustelus mento",13.7615725230517
1091,"Mustelus_albipinnis","Mustelus albipinnis",13.7615725230517
1092,"Raja_texana","Raja texana",13.7189948277332
1093,"Raja_cervigoni","Raja cervigoni",13.7189948277332
1094,"Raja_polystigma","Raja polystigma",13.6461311919981
1095,"Bathyraja_schroederi","Bathyraja schroederi",13.5492317176106
1096,"Leucoraja_yucatanensis","Leucoraja yucatanensis",13.5072194606818
1097,"Leucoraja_leucosticta","Leucoraja leucosticta",13.5072194606818
1098,"Dipturus_grahami","Dipturus grahami",13.3451052392314
1099,"Dipturus_stenorhynchus","Dipturus stenorhynchus",13.3451052392314
1100,"Potamotrygon_schroederi","Potamotrygon schroederi",13.154124531056
1101,"Potamotrygon_tigrina","Potamotrygon tigrina",13.154124531056
1102,"Raja_ackleyi","Raja ackleyi",13.03214287558
1103,"Raja_macrorynchus","Raja macrorynchus",13.03214287558
1104,"Mustelus_dorsalis","Mustelus dorsalis",12.9548462487017
1105,"Mustelus_lenticulatus","Mustelus lenticulatus",12.9548462487017
1106,"Bathyraja_meridionalis","Bathyraja meridionalis",12.8964858547494
1107,"Dipturus_johannisdavesi","Dipturus johannisdavesi",12.7844456014961
1108,"Etmopterus_granulosus","Etmopterus granulosus",12.7464454612041
1109,"Etmopterus_princeps","Etmopterus princeps",12.7464444612041
1110,"Dipturus_healdi","Dipturus healdi",12.7285857416287
1111,"Dipturus_olseni","Dipturus olseni",12.6874608238797
1112,"Dipturus_flavirostris","Dipturus flavirostris",12.6874608238797
1113,"Raja_radula","Raja radula",12.5020918983314
1114,"Raja_clavata","Raja clavata",12.5020918983314
1115,"Notoraja_longiventralis","Notoraja longiventralis",12.4758905104364
1116,"Notoraja_inusitata","Notoraja inusitata",12.4758905104364
1117,"Dipturus_apricus","Dipturus apricus",12.1815024092976
1118,"Dipturus_batis","Dipturus batis",12.1815014092976
1119,"Potamotrygon_orbignyi","Potamotrygon orbignyi",12.159981795056
1120,"Potamotrygon_castexi","Potamotrygon castexi",12.159981795056
1121,"Dipturus_macrocauda","Dipturus macrocauda",12.0645673173516
1122,"Dipturus_tengu","Dipturus tengu",12.0645673173516
1123,"Bathyraja_maculata","Bathyraja maculata",11.87753348833
1124,"Bathyraja_lindbergi","Bathyraja lindbergi",11.87753348833
1125,"Bathyraja_spinicauda","Bathyraja spinicauda",11.8301492813315
1126,"Bathyraja_eatonii","Bathyraja eatonii",11.8301482813315
1127,"Etmopterus_spinax","Etmopterus spinax",11.6225819222375
1128,"Rhinoraja_multispinis","Rhinoraja multispinis",11.59126694863
1129,"Rhinoraja_longicauda","Rhinoraja longicauda",11.59126594863
1130,"Etmopterus_bullisi","Etmopterus bullisi",11.5796240310025
1131,"Etmopterus_villosus","Etmopterus villosus",11.5796240310025
1132,"Raja_equatorialis","Raja equatorialis",11.5658825775665
1133,"Bathyraja_maccaini","Bathyraja maccaini",11.5367534725649
1134,"Rhinoraja_kujiensis","Rhinoraja kujiensis",11.5367534725649
1135,"Spiniraja_whitleyi","Spiniraja whitleyi",11.3178162500314
1136,"Dipturus_polyommata","Dipturus polyommata",11.3178162500314
1137,"Notoraja_ochroderma","Notoraja ochroderma",11.1281690095598
1138,"Dipturus_teevani","Dipturus teevani",11.1271407813787
1139,"Dipturus_confusus","Dipturus confusus",11.0960802976627
1140,"Rajella_alia","Rajella alia",11.0157531389506
1141,"Rajella_sadowskii","Rajella sadowskii",11.0157531389506
1142,"Notoraja_tobitukai","Notoraja tobitukai",11.0148642044364
1143,"Notoraja_lira","Notoraja lira",11.0148642044364
1144,"Bathyraja_longicauda","Bathyraja longicauda",10.9140592194772
1145,"Notoraja_sapphira","Notoraja sapphira",10.8434614107598
1146,"Notoraja_hirticauda","Notoraja hirticauda",10.8434614107598
1147,"Raja_herwigi","Raja herwigi",10.6772112331665
1148,"Raja_undulata","Raja undulata",10.6772112331665
1149,"Rhinoraja_albomaculata","Rhinoraja albomaculata",10.6409953106106
1150,"Rhinoraja_macloviana","Rhinoraja macloviana",10.6409953106106
1151,"Dipturus_canutus","Dipturus canutus",10.5272440104961
1152,"Rhinoraja_murrayi","Rhinoraja murrayi",10.3924197897494
1153,"Bathyraja_minispinosa","Bathyraja minispinosa",10.2055735314772
1154,"Amblyraja_taaf","Amblyraja taaf",10.1999873943957
1155,"Amblyraja_georgiana","Amblyraja georgiana",10.1999873943957
1156,"Raja_straeleni","Raja straeleni",10.1980045134981
1157,"Raja_cortezensis","Raja cortezensis",10.1980045134981
1158,"Amblyraja_frerichsi","Amblyraja frerichsi",10.1692071482291
1159,"Amblyraja_doellojuradoi","Amblyraja doellojuradoi",10.1692071482291
1160,"Potamotrygon_dumerilii","Potamotrygon dumerilii",9.78741548065605
1161,"Dipturus_australis","Dipturus australis",9.76663208166273
1162,"Dipturus_cerva","Dipturus cerva",9.76663208166273
1163,"Dentiraja_lemprieri","Dentiraja lemprieri",9.69541947549607
1164,"Dentiraja_flindersi","Dentiraja flindersi",9.69541947549607
1165,"Bathyraja_parmifera","Bathyraja parmifera",9.67617636769944
1166,"Dipturus_wengi","Dipturus wengi",9.65179946137871
1167,"Rhinoraja_magellanica","Rhinoraja magellanica",9.52286404824944
1168,"Bathyraja_panthera","Bathyraja panthera",9.52286204824944
1169,"Bathyraja_tunae","Bathyraja tunae",9.41679412547722
1170,"Bathyraja_peruana","Bathyraja peruana",9.41679412547722
1171,"Potamotrygon_scobina","Potamotrygon scobina",9.22889259085605
1172,"Potamotrygon_motoro","Potamotrygon motoro",9.22889259085605
1173,"Bathyraja_cousseauae","Bathyraja cousseauae",9.13870604747722
1174,"Bathyraja_fedorovi","Bathyraja fedorovi",9.13870504747722
1175,"Bathyraja_irrasa","Bathyraja irrasa",9.11266157374944
1176,"Bathyraja_papilionifera","Bathyraja papilionifera",9.11266057374944
1177,"Bathyraja_brachyurops","Bathyraja brachyurops",8.90898481224944
1178,"Bathyraja_diplotaenia","Bathyraja diplotaenia",8.90898281224944
1179,"Dipturus_falloargus","Dipturus falloargus",8.81282832237871
1180,"Dipturus_wuhanlingi","Dipturus wuhanlingi",8.81282832237871
1181,"Rhinoraja_taranetzi","Rhinoraja taranetzi",8.74866976717801
1182,"Bathyraja_matsubarai","Bathyraja matsubarai",8.74866876717801
1183,"Bathyraja_smirnovi","Bathyraja smirnovi",8.70443259219944
1184,"Rhinoraja_odai","Rhinoraja odai",8.70443059219944
1185,"Amblyraja_reversa","Amblyraja reversa",8.36793977472906
1186,"Amblyraja_hyperborea","Amblyraja hyperborea",8.36793977472906
1187,"Amblyraja_jenseni","Amblyraja jenseni",7.64298999876906
1188,"Amblyraja_badia","Amblyraja badia",7.64298999876906
1189,"Bathyraja_mariposa","Bathyraja mariposa",7.02447533507801
1190,"Bathyraja_aguja","Bathyraja aguja",7.02447333507801
1191,"Bathyraja_kincaidii","Bathyraja kincaidii",6.77024973232801
1192,"Bathyraja_violacea","Bathyraja violacea",6.77024973232801
