"tip.label","partitioned.EvoHeritage","lf.rank"
"Zanobatus_schoenleinii",192.517977687057,1
"Platyrhinoidis_triseriata",144.289532417262,2
"Hypnos_monopterygius",142.750439551048,3
"Hexatrygon_bickelli",138.947657969357,4
"Mitsukurina_owstoni",138.616999110635,5
"Anoxypristis_cuspidata",125.9208433425,6
"Heterodontus_francisci",120.577239087092,7
"Plesiobatis_daviesi",119.351624653795,8
"Carcharias_taurus",110.368168349206,9
"Alopias_superciliosus",108.130378747778,10
"Notorynchus_cepedianus",108.122896296644,11
"Leptocharias_smithii",107.871249574441,12
"Brachaelurus_colcloughi",106.983319344262,13
"Brachaelurus_waddi",106.983319344262,14
"Rhina_ancylostoma",106.454345188761,15
"Zapteryx_brevirostris",104.399019047004,16
"Heterodontus_mexicanus",103.119928327092,17
"Trigonognathus_kabeyai",102.743378303653,18
"Pseudoginglymostoma_brevicaudatum",102.561570455691,19
"Cetorhinus_maximus",100.944419104206,20
"Pristis_pristis",99.6509217549998,21
"Trygonorrhina_melaleuca",99.2866774753372,22
"Pliotrema_warreni",98.6604630037834,23
"Dalatias_licha",98.6090018008094,24
"Eucrossorhinus_dasypogon",96.0110490042622,25
"Hemipristis_elongata",95.4789400873739,26
"Alopias_vulpinus",91.3227227874443,27
"Alopias_pelagicus",91.3227227874443,28
"Platyrhina_hyugaensis",89.6606801305955,29
"Galeocerdo_cuvier",88.006459695559,30
"Dasyatis_microps",87.3029707076845,31
"Pristis_clavata",86.9477543016664,32
"Chlamydoselachus_anguineus",86.620362642149,33
"Chlamydoselachus_africana",86.620362642149,34
"Platyrhina_sinensis",85.7130482180955,35
"Platyrhina_tangi",85.7130482180955,36
"Aetomylaeus_vespertilio",84.0944656756753,37
"Rhinobatos_penggali",84.0319811630774,38
"Pseudotriakis_microdon",83.0617538090924,39
"Apristurus_saldanha",82.9052859213335,40
"Aetobatus_flagellum",82.5191407171089,41
"Aetobatus_narinari",82.5191407171089,42
"Pristis_zijsron",80.9965445166664,43
"Pristis_pectinata",80.9965445166664,44
"Heptranchias_perlo",80.786072691644,45
"Trygonorrhina_dumerilii",80.4209923553372,46
"Trygonorrhina_fasciata",80.4209923553372,47
"Cruriraja_hulleyi",80.3928673578447,48
"Heterodontus_ramalheira",78.0040103979493,49
"Planonasus_parini",77.248556209759,50
"Pristiophorus_japonicus",76.2991599787835,51
"Squaliolus_laticaudus",76.2863177258094,52
"Mollisquama_parini",75.0724840304094,53
"Urolophus_mitosis",74.7502404050737,54
"Aptychotrema_vincentiana",74.4174995403372,55
"Apristurus_canutus",73.4275560920478,56
"Sinobatis_melanosoma",73.3855284915858,57
"Sinobatis_caerulea",73.3855284915858,58
"Centrophorus_atromarginatus",73.3709887666619,59
"Centrophorus_zeehaani",73.3709887666619,60
"Callorhinchus_callorynchus",73.2875858724286,61
"Galeorhinus_galeus",72.9331472585795,62
"Hypogaleus_hyugaensis",72.9331472585795,63
"Callorhinchus_milii",72.1392630339286,64
"Callorhinchus_capensis",72.1392630339286,65
"Hexanchus_vitulus",72.0240333183107,66
"Carcharodon_carcharias",71.9708625508729,67
"Hemiscyllium_ocellatum",71.8956920846492,68
"Chimaera_phantasma",71.5656219418699,69
"Echinorhinus_brucus",71.2944090344977,70
"Echinorhinus_cookei",71.2944090344977,71
"Taeniura_lymma",69.2144172883903,72
"Cirrhigaleus_asper",69.1521100577141,73
"Schroederichthys_bivius",69.1504819363045,74
"Schroederichthys_tenuis",69.1504819363045,75
"Lamna_ditropis",67.2321620992062,76
"Lamna_nasus",67.2321620992062,77
"Zapteryx_xyster",67.2176318030038,78
"Zapteryx_exasperata",67.2176318030038,79
"Centroselachus_crepidater",66.6332293838935,80
"Isurus_oxyrinchus",65.2394701958729,81
"Isurus_paucus",65.2394701958729,82
"Pseudocarcharias_kamoharai",64.8391076849443,83
"Neoharriotta_pinnata",64.4677129283126,84
"Dasyatis_zugei",64.1393483056061,85
"Narcine_westraliensis",63.3558846042274,86
"Okamejei_jensenae",63.1335069775145,87
"Orectolobus_ornatus",62.3166322060058,88
"Furgaleus_macki",62.1880711557795,89
"Sinobatis_borneensis",61.8070590465858,90
"Urolophus_circularis",61.3064568317404,91
"Gogolia_filewoodi",61.1327175015795,92
"Chiloscyllium_punctatum",60.7879954059765,93
"Iago_garricki",60.7852256005795,94
"Iago_omanensis",60.7852256005795,95
"Aetomylaeus_maculatus",60.6993941181752,96
"Trygonoptera_ovalis",60.3698056909374,97
"Trygonoptera_galba",60.3698056909374,98
"Aptychotrema_timorensis",60.2571069563372,99
"Aptychotrema_rostrata",60.2571069563372,100
"Galeus_eastmani",59.7446250819335,101
"Galeus_sauteri",59.7446250819335,102
"Acroteriobatus_leucospilus",58.566417482125,103
"Gymnura_afuerae",58.5411278745219,104
"Gymnura_micrura",58.5411278745219,105
"Trygonoptera_personata",58.5236766559374,106
"Apristurus_exsanguis",58.4361173975862,107
"Neotrygon_ningalooensis",58.1997043503903,108
"Squatina_japonica",58.1880771596058,109
"Centrophorus_squamosus",58.1172650973285,110
"Rhinochimaera_pacifica",57.744255677646,111
"Urolophus_gigas",57.7433412295737,112
"Eusphyra_blochii",57.6366012181726,113
"Megachasma_pelagios",57.3558081382776,114
"Diplobatis_guamachensis",57.3421858618846,115
"Hexanchus_griseus",57.2145800853107,116
"Hexanchus_nakamurai",57.2145800853107,117
"Loxodon_macrorhinus",56.4260381866318,118
"Gollum_attenuatus",55.764932339759,119
"Gollum_suluensis",55.764932339759,120
"Neoharriotta_pumila",55.4099624073126,121
"Neoharriotta_carri",55.4099624073126,122
"Triakis_semifasciata",55.3782223672081,123
"Centroscymnus_coelolepis",55.2126461840744,124
"Rhinobatos_jimbaranensis",55.1001698070774,125
"Rhinobatos_holcorhynchus",55.1001698070774,126
"Makararaja_chindwinensis",54.6192303386488,127
"Orectolobus_hutchinsi",54.3822927803986,128
"Orectolobus_parvimaculatus",54.3822927803986,129
"Dasyatis_marmorata",54.2985781748433,130
"Chaenogaleus_macrostoma",54.283895606231,131
"Heterodontus_portusjacksoni",54.1255254929493,132
"Heterodontus_galeatus",54.1255254929493,133
"Chiloscyllium_indicum",53.9315144459765,134
"Chiloscyllium_plagiosum",53.9315144459765,135
"Atelomycterus_baliensis",53.5882789284473,136
"Atelomycterus_marmoratus",53.5882789284473,137
"Gymnura_poecilura",53.3697147566648,138
"Gymnura_hirundo",53.3697147566648,139
"Chimaera_obscura",53.294145460255,140
"Chimaera_bahamaensis",53.0294816647853,141
"Sphyrna_mokarran",52.7400314584583,142
"Hydrolagus_alberti",52.5287613132852,143
"Hydrolagus_alphus",52.5287613132852,144
"Himantura_lobistoma",52.516030040883,145
"Heterodontus_japonicus",52.1978295679493,146
"Heterodontus_omanensis",52.1978295679493,147
"Benthobatis_marcida",51.8967398842274,148
"Etmopterus_schmidti",51.8754834779438,149
"Hydrolagus_deani",51.457969215255,150
"Schroederichthys_maculatus",51.3104668343045,151
"Hemitriakis_indroyonoi",51.1778804557795,152
"Hongeo_koreana",51.1105613489492,153
"Schroederichthys_saurisqualus",50.8726572528545,154
"Schroederichthys_chilensis",50.8726572528545,155
"Trygonoptera_testacea",50.435957942604,156
"Taeniurops_grabata",50.4147811225933,157
"Taeniurops_meyeni",50.4147811225933,158
"Chimaera_jordani",50.3112925911186,159
"Chimaera_cubana",50.3112925911186,160
"Squatina_squatina",50.1967858181366,161
"Squatina_caillieti",50.1967858181366,162
"Narcine_leoparda",50.170404728758,163
"Parascyllium_sparsimaculatum",50.0366495727496,164
"Aetomylaeus_nichofii",49.9572173081752,165
"Myliobatis_californicus",49.9146797962906,166
"Narcine_lasti",49.7958661242274,167
"Narcine_tasmaniensis",49.7958661242274,168
"Gymnura_japonica",49.5906716316648,169
"Gymnura_australis",49.5906716316648,170
"Scymnodalatias_garricki",49.5757120810744,171
"Scymnodalatias_oligodon",49.5757120810744,172
"Sphyrna_zygaena",49.3956640752917,173
"Bythaelurus_canescens",49.2501867434817,174
"Deania_quadrispinosa",49.16639462598,175
"Deania_profundorum",49.16639462598,176
"Somniosus_rostratus",49.1125545417366,177
"Somniosus_longus",49.1125545417366,178
"Rhinochimaera_africana",48.995294337646,179
"Rhinochimaera_atlantica",48.995294337646,180
"Cirrhigaleus_barbifer",48.9708794627141,181
"Cirrhigaleus_australis",48.9708794627141,182
"Aulohalaelurus_labiosus",48.9269401454473,183
"Aulohalaelurus_kanakorum",48.9269401454473,184
"Urobatis_marmoratus",48.5713985483206,185
"Rhinobatos_lionotus",48.5220197345774,186
"Odontaspis_noronhai",48.4992919782776,187
"Odontaspis_ferox",48.4992919782776,188
"Hemigaleus_microstoma",48.496187900231,189
"Hemigaleus_australiensis",48.496187900231,190
"Dipturus_kwangtungensis",48.3327699332954,191
"Proscyllium_habereri",48.2744146970686,192
"Gymnura_crooki",48.1116153616648,193
"Hydrolagus_mitsukurii",48.1113732933472,194
"Hydrolagus_africanus",48.1113732933472,195
"Sutorectus_tentaculatus",48.0882773260058,196
"Harriotta_raleighana",47.988532905646,197
"Harriotta_haeckeli",47.988532905646,198
"Haploblepharus_fuscus",47.9322175725376,199
"Squatina_africana",47.9240227224725,200
"Zameus_squamulosus",47.7181133088935,201
"Zameus_ichiharai",47.7181133088935,202
"Rostroraja_alba",47.4490094775145,203
"Scymnodon_ringens",47.3635179802744,204
"Himantura_schmardae",47.3547877304792,205
"Himantura_pacifica",47.3547877304792,206
"Oxynotus_caribbaeus",47.3063593235464,207
"Nebrius_ferrugineus",47.2858732946908,208
"Rhincodon_typus",47.2858722946908,209
"Neotrygon_kuhlii",47.2446167703903,210
"Heterodontus_zebra",47.2241605439493,211
"Heterodontus_quoyi",47.2241595439493,212
"Etmopterus_robinsi",47.1385970878581,213
"Dasyatis_sabina",47.0942333097574,214
"Dasyatis_sinensis",47.0942333097574,215
"Rhinobatos_albomaculatus",47.0339112279886,216
"Pteroplatytrygon_violacea",46.9298047949862,217
"Ginglymostoma_cirratum",46.9020815694908,218
"Stegostoma_fasciatum",46.9020805694908,219
"Centrophorus_westraliensis",46.7187036666619,220
"Rhinobatos_irvinei",46.641666060125,221
"Rhinobatos_lentiginosus",46.641666060125,222
"Squatina_armata",46.5277090272725,223
"Cruriraja_parcomaculata",46.4191699898302,224
"Mustelus_whitneyi",46.3631274742462,225
"Cephaloscyllium_maculatum",46.3195276811921,226
"Dactylobatus_armatus",45.7050270516515,227
"Dactylobatus_clarkii",45.7050270516515,228
"Acroteriobatus_salalah",45.2721415009887,229
"Rhinobatos_glaucostigma",45.2721415009887,230
"Mustelus_sinusmexicanus",45.2425151926052,231
"Cirrhoscyllium_japonicum",45.0680188794163,232
"Acroteriobatus_annulatus",45.0618753655774,233
"Torpedo_mackayana",45.0577488011901,234
"Torpedo_tokionis",45.0577488011901,235
"Sinobatis_filicauda",45.0422554535858,236
"Sinobatis_bulbicauda",45.0422554535858,237
"Deania_hystricosa",45.00699638698,238
"Deania_calcea",45.00699638698,239
"Torpedo_suessii",44.8900985777346,240
"Torpedo_bauchotae",44.8900985777346,241
"Figaro_boardmani",44.8464750919918,242
"Figaro_striatus",44.8464750919918,243
"Isistius_plutodus",44.7808854121427,244
"Isistius_labialis",44.6515960717427,245
"Isistius_brasiliensis",44.6515960717427,246
"Apristurus_investigatoris",44.5527780326345,247
"Glaucostegus_halavi",44.5289271215498,248
"Discopyge_castelloi",44.5092263888846,249
"Discopyge_tschudii",44.5092263888846,250
"Rhinobatos_planiceps",44.1182673551553,251
"Rhinobatos_productus",44.103315850322,252
"Rhinobatos_leucorhynchus",44.103315850322,253
"Narcine_ornata",44.007948844883,254
"Carcharhinus_signatus",43.8342195066151,255
"Squatina_argentina",43.8197258626366,256
"Squatina_aculeata",43.8197258626366,257
"Scyliorhinus_capensis",43.8131254319636,258
"Pristiophorus_cirratus",43.5921238501168,259
"Mustelus_griseus",43.5808627029962,260
"Mobula_rochebrunei",43.3516682343586,261
"Dasyatis_margaritella",43.346958746203,262
"Dasyatis_margarita",43.346958746203,263
"Torpedo_semipelagica",43.1574319764059,264
"Scyliorhinus_hesperius",43.0520270995787,265
"Pentanchus_profundicolus",43.0068824535224,266
"Paratrygon_aiereba",42.911609663931,267
"Hydrolagus_novaezealandiae",42.6670084904016,268
"Etmopterus_gracilispinis",42.6193072329438,269
"Mustelus_mangalorensis",42.5953138706628,270
"Heteroscymnoides_marleyi",42.5764439329094,271
"Squaliolus_aliae",42.5764439329094,272
"Halaelurus_boesemani",42.5375821430852,273
"Mobula_eregoodootenkee",42.4830526059301,274
"Okamejei_powelli",42.2973925755963,275
"Asymbolus_funebris",42.2738170997696,276
"Scylliogaleus_quecketti",42.1107027023628,277
"Triakis_megalopterus",42.1107027023628,278
"Etmopterus_pusillus",42.0819334596581,279
"Etmopterus_bigelowi",42.0819334596581,280
"Sphyrna_lewini",42.0618820516917,281
"Urobatis_halleri",42.0025934356122,282
"Cephaloscyllium_sufflans",41.7322697278075,283
"Hydrolagus_mccoskeri",41.64387599686,284
"Gymnura_zonura",41.4907777916648,285
"Gymnura_bimaculata",41.4907777916648,286
"Narcine_prodorsalis",41.4409341320914,287
"Ctenacis_fehlmanni",41.4013240587352,288
"Rhinoptera_bonasus",41.2699014251346,289
"Etmopterus_schultzi",41.0260680992771,290
"Squalus_megalops",41.0074430506808,291
"Orectolobus_floridus",40.9633616310058,292
"Orectolobus_reticulatus",40.9633616310058,293
"Parmaturus_lanatus",40.9275770049335,294
"Somniosus_microcephalus",40.9001215037366,295
"Proscyllium_magnificum",40.8935038530686,296
"Proscyllium_venustum",40.8935038530686,297
"Hydrolagus_melanophasma",40.7751083940921,298
"Hydrolagus_matallanasi",40.7729841589186,299
"Hydrolagus_pallidus",40.7729841589186,300
"Aculeola_nigra",40.7351295470056,301
"Cirrhoscyllium_expolitum",40.7056207494163,302
"Cirrhoscyllium_formosanum",40.7056207494163,303
"Carcharhinus_amblyrhynchos",40.6853591466985,304
"Dipturus_oculus",40.6770707077856,305
"Galeus_antillensis",40.6545195239674,306
"Galeus_murinus",40.6545195239674,307
"Dasyatis_dipterura",40.6186802859479,308
"Squalus_bucephalus",40.5267314562358,309
"Acroteriobatus_ocellatus",40.4846937776553,310
"Myliobatis_chilensis",40.4344318827073,311
"Pristiophorus_nudipinnis",40.3991475897835,312
"Pristiophorus_schroederi",40.3991475897835,313
"Gurgesiella_furvescens",40.2115873096812,314
"Negaprion_acutidens",40.1933976283651,315
"Negaprion_brevirostris",40.1933976283651,316
"Parascyllium_collare",40.1535983427496,317
"Rhinoptera_jayakari",40.1447566161346,318
"Rhinoptera_steindachneri",40.1447566161346,319
"Etmopterus_lucifer",40.0741351943962,320
"Anacanthobatis_longirostris",40.0167796074697,321
"Atelomycterus_marnkalha",39.7938626417807,322
"Pteromylaeus_bovinus",39.6865587531752,323
"Pteromylaeus_asperrimus",39.6865587531752,324
"Chimaera_panthera",39.53059411336,325
"Hydrolagus_bemisi",39.53059411336,326
"Pastinachus_stellurostris",39.4690060066488,327
"Pastinachus_solocirostris",39.4690060066488,328
"Rhinobatos_horkelii",39.4641585141553,329
"Acroteriobatus_zanzibarensis",39.4641585141553,330
"Centrophorus_granulosus",39.3454533843285,331
"Centrophorus_tessellatus",39.3454523843285,332
"Hydrolagus_colliei",39.2914552019217,333
"Carcharhinus_fitzroyensis",39.1048384469485,334
"Orectolobus_japonicus",38.9705093898986,335
"Orectolobus_maculatus",38.9705093898986,336
"Trygonoptera_mucosa",38.968478772604,337
"Trygonoptera_imitata",38.968478772604,338
"Atelomycterus_fasciatus",38.9450633097807,339
"Atelomycterus_macleayi",38.9450633097807,340
"Rhinobatos_sainsburyi",38.7525348091553,341
"Rhinobatos_percellens",38.7525348091553,342
"Dasyatis_chrysonota",38.56967245426,343
"Somniosus_antarcticus",38.4673616202366,344
"Somniosus_pacificus",38.4673616202366,345
"Narcine_bicolor",38.3837384640914,346
"Narcine_entemedor",38.3837384640914,347
"Myliobatis_aquila",38.2968360829073,348
"Halaelurus_natalensis",38.2135986175852,349
"Halaelurus_lineatus",38.2135986175852,350
"Diplobatis_colombiensis",38.1751227685512,351
"Euprotomicroides_zantedeschia",38.1709546609094,352
"Euprotomicrus_bispinatus",38.1709546609094,353
"Apristurus_internatus",38.1003749055862,354
"Cephalurus_cephalus",38.0502144732634,355
"Raja_inornata",38.0419292326825,356
"Scymnodalatias_sherwoodi",37.9058603525744,357
"Scymnodalatias_albicauda",37.9058603525744,358
"Parascyllium_variolatum",37.888421178083,359
"Urobatis_tumbesensis",37.8369033133206,360
"Urobatis_jamaicensis",37.8369033133206,361
"Oxynotus_bruniensis",37.7658588210464,362
"Oxynotus_paradoxus",37.7658588210464,363
"Urolophus_flavomosaicus",37.7588829007404,364
"Urolophus_bucculentus",37.7588829007404,365
"Acroteriobatus_blochii",37.7259278145774,366
"Urogymnus_asperrimus",37.599531037383,367
"Urogymnus_ukpam",37.599531037383,368
"Rioraja_agassizii",37.5367941348146,369
"Potamotrygon_constellata",37.5195661581393,370
"Dasyatis_colarensis",37.4855177942812,371
"Benthobatis_moresbyi",37.3413307308941,372
"Dasyatis_rudis",37.24857335776,373
"Dasyatis_pastinaca",37.24857235776,374
"Pristiophorus_delicatus",37.1105898521168,375
"Pristiophorus_nancyae",37.1105898521168,376
"Hydrolagus_homonycteris",37.0188491329217,377
"Hydrolagus_eidolon",37.0188491329217,378
"Chimaera_owstoni",36.9839995465365,379
"Rhynchobatus_luebberti",36.9621576487613,380
"Mobula_mobular",36.9132200342634,381
"Mobula_diabolus",36.9132200342634,382
"Asymbolus_pallidus",36.9044834006446,383
"Chimaera_opalescens",36.8586377681933,384
"Etmopterus_evansi",36.8549953859773,385
"Etmopterus_hillianus",36.8549953859773,386
"Apristurus_macrorhynchus",36.5216387600862,387
"Apristurus_japonicus",36.5144406350148,388
"Hydrolagus_barbouri",36.498276323255,389
"Chimaera_argiloba",36.498276323255,390
"Scoliodon_macrorhynchos",36.3840230406318,391
"Scoliodon_laticaudus",36.3840230406318,392
"Eridacnis_barbouri",36.1252413630686,393
"Myliobatis_freminvillei",36.0988804587906,394
"Myliobatis_longirostris",36.0988804587906,395
"Centroscymnus_owstonii",35.9884413252744,396
"Parascyllium_ferrugineum",35.829648774083,397
"Parascyllium_elongatum",35.829648774083,398
"Glaucostegus_cemiculus",35.7781485555498,399
"Glaucostegus_granulatus",35.7781485555498,400
"Carcharhinus_porosus",35.679094877836,401
"Heteronarce_garmani",35.6739929048346,402
"Diplobatis_ommata",35.3874911210512,403
"Diplobatis_pictus",35.3874911210512,404
"Hydrolagus_lemures",35.2182100321365,405
"Hydrolagus_ogilbyi",35.2182100321365,406
"Cephaloscyllium_silasi",35.0791096147242,407
"Squalus_griffini",34.9663428681808,408
"Rhinobatos_punctifer",34.9567720830774,409
"Lamiopsis_temminckii",34.9415067358651,410
"Lamiopsis_tephrodes",34.9415067358651,411
"Etmopterus_polli",34.8970952142771,412
"Etmopterus_virens",34.8970952142771,413
"Galeus_longirostris",34.8900658152904,414
"Chimaera_fulva",34.87173959136,415
"Hydrolagus_lusitanicus",34.87173959136,416
"Manta_birostris",34.832573324692,417
"Manta_alfredi",34.832573324692,418
"Gymnura_marmorata",34.8013798045219,419
"Gymnura_crebripunctata",34.8013798045219,420
"Poroderma_pantherinum",34.7550007502634,421
"Poroderma_africanum",34.7550007502634,422
"Asymbolus_galacticus",34.7463413097874,423
"Holohalaelurus_grennian",34.5335109715224,424
"Irolita_waitii",34.5133474102798,425
"Irolita_westraliensis",34.5133474102798,426
"Fenestraja_ishiyamai",34.4327699204506,427
"Rhynchobatus_palpebratus",34.4274788237613,428
"Hydrolagus_marmoratus",34.3270305477588,429
"Himantura_uarnacoides",34.3192832701497,430
"Rajella_bathyphila",34.3191273214951,431
"Gymnura_natalensis",34.1402067171886,432
"Cruriraja_poeyi",34.1121886348302,433
"Atlantoraja_castelnaui",34.0869358828146,434
"Dasyatis_say",34.0814534759479,435
"Dasyatis_acutirostra",34.0814534759479,436
"Narcine_nelsoni",34.0295059075973,437
"Orectolobus_halei",33.9665355720891,438
"Himantura_signifer",33.802901370994,439
"Himantura_oxyrhyncha",33.802901370994,440
"Mustelus_minicanis",33.7277911889128,441
"Mustelus_punctulatus",33.7277911889128,442
"Leucoraja_circularis",33.5591216442371,443
"Halaelurus_quagga",33.5389535647519,444
"Halaelurus_maculosus",33.5389535647519,445
"Chiloscyllium_burmensis",33.5063404618099,446
"Urotrygon_rogersi",33.4725096822327,447
"Torpedo_peruana",33.4196614030423,448
"Torpedo_panthera",33.4196614030423,449
"Dasyatis_izuensis",33.3845794833334,450
"Dasyatis_laevigata",33.3845794833334,451
"Hemiscyllium_galei",33.3524826799063,452
"Paragaleus_tengi",33.291885723731,453
"Squatina_oculata",33.2258214528866,454
"Squatina_australis",33.2258214528866,455
"Apristurus_gibbosus",33.2053077463012,456
"Apristurus_australis",33.2053067463012,457
"Rhynchobatus_djiddensis",33.1988106082613,458
"Rhynchobatus_australiae",33.1988106082613,459
"Eridacnis_sinuans",33.1927972115686,460
"Eridacnis_radcliffei",33.1927972115686,461
"Beringraja_binoculata",33.0971609343492,462
"Beringraja_pulchra",33.0971609343492,463
"Rhizoprionodon_oligolinx",33.0532421661556,464
"Sphyrna_corona",33.0258374841917,465
"Etmopterus_molleri",32.9733488477295,466
"Carcharhinus_perezii",32.8596062158485,467
"Urolophus_aurantiacus",32.8471412805737,468
"Apristurus_nasutus",32.8049374533012,469
"Apristurus_longicephalus",32.8049364533012,470
"Orectolobus_leptolineatus",32.7209621535891,471
"Orectolobus_wardi",32.7209621535891,472
"Etmopterus_sheikoi",32.7086503868962,473
"Centrophorus_isodon",32.7005587261285,474
"Squatina_legnota",32.5977659501058,475
"Squatina_tergocellatoides",32.5977659501058,476
"Myliobatis_peruvianus",32.5828582887906,477
"Myliobatis_tenuicaudatus",32.5828582887906,478
"Squatina_occulta",32.5537065047725,479
"Squatina_guggenheim",32.5537065047725,480
"Gurgesiella_dorsalifera",32.5519381106812,481
"Gurgesiella_atlantica",32.5519381106812,482
"Cruriraja_rugosa",32.4581473741636,483
"Squatina_formosa",32.4528118061058,484
"Squatina_nebulosa",32.4528118061058,485
"Urobatis_maculatus",32.3879216176122,486
"Urobatis_concentricus",32.3879216176122,487
"Squalus_altipinnis",32.2511534936808,488
"Dipturus_melanospilus",32.0592314585463,489
"Glyphis_sp.1",32.0289336808651,490
"Apristurus_stenseni",31.8518284046345,491
"Apristurus_riveri",31.8518284046345,492
"Mobula_munkiana",31.7972189059301,493
"Mobula_hypostoma",31.7972189059301,494
"Benthobatis_kreffti",31.7614276418941,495
"Benthobatis_yangi",31.7614276418941,496
"Rhizoprionodon_acutus",31.7016922046556,497
"Rhizoprionodon_taylori",31.7016922046556,498
"Squalus_acanthias",31.5959549923475,499
"Scyliorhinus_besnardi",31.5403761645787,500
"Scyliorhinus_torazame",31.5403761645787,501
"Urotrygon_reticulata",31.3979825627565,502
"Centrophorus_harrissoni",31.3969131706285,503
"Centrophorus_seychellorum",31.3969121706285,504
"Glaucostegus_typus",31.3054761455498,505
"Myliobatis_australis",31.2343199008406,506
"Myliobatis_goodei",31.2343199008406,507
"Cephaloscyllium_pardelotum",31.1912746207242,508
"Cephaloscyllium_speccum",31.1912746207242,509
"Mobula_thurstoni",31.1815764343587,510
"Mobula_kuhlii",31.1815764343587,511
"Brochiraja_microspinifera",31.1774827151382,512
"Himantura_gerrardi",31.175088268794,513
"Urolophus_kaianus",31.1554876592737,514
"Apristurus_laurussonii",31.1255909458481,515
"Apristurus_spongiceps",30.9887851274196,516
"Rhinobatos_rhinobatos",30.9883054195774,517
"Rhinobatos_prahli",30.9883044195774,518
"Etmopterus_splendidus",30.9412269103583,519
"Holohalaelurus_melanostigma",30.9037375320224,520
"Heteronarce_prabhui",30.8426550601679,521
"Pastinachus_atrus",30.7290683399821,522
"Chimaera_macrospina",30.6869444586016,523
"Chimaera_monstrosa",30.6869434586016,524
"Etmopterus_dislineatus",30.6660711892295,525
"Etmopterus_joungi",30.6660701892295,526
"Okamejei_acutispina",30.565325215258,527
"Himantura_leoparda",30.5616711370797,528
"Leucoraja_compagnoi",30.5551321783485,529
"Hemiscyllium_trispeculare",30.5506189655063,530
"Hemiscyllium_henryi",30.5506189655063,531
"Carcharhinus_hemiodon",30.5489719744985,532
"Scyliorhinus_canicula",30.5283938439636,533
"Scyliorhinus_stellaris",30.5283938439636,534
"Rhynchobatus_laevis",30.5125648162613,535
"Rhynchobatus_springeri",30.5125648162613,536
"Potamotrygon_tatianae",30.5095575288524,537
"Okamejei_porosa",30.438537921808,538
"Okamejei_heemstrai",30.438537921808,539
"Cruriraja_cadenati",30.3943764228447,540
"Cruriraja_andamanica",30.3943764228447,541
"Himantura_hortlei",30.2791628677463,542
"Chiloscyllium_arabicum",30.2561266634765,543
"Haploblepharus_edwardsii",30.2472138825376,544
"Cephaloscyllium_cooki",30.2195407249464,545
"Triakis_scyllium",30.1242016825414,546
"Bythaelurus_hispidus",30.119141921815,547
"Rhinoptera_hainanensis",30.075440765968,548
"Raja_velezi",30.0742579462145,549
"Raja_eglanteria",30.0742579462145,550
"Carcharhinus_borneensis",30.072465525586,551
"Carcharhinus_macloti",30.072465525586,552
"Okamejei_pita",30.0627575254246,553
"Mustelus_norrisi",30.0468996938051,554
"Neotrygon_leylandi",30.0001552907237,555
"Potamotrygon_schuemacheri",29.9510283177703,556
"Squalus_notocaudatus",29.9216679563474,557
"Squalus_suckleyi",29.9216679563474,558
"Centrophorus_lusitanicus",29.8581247604619,559
"Centrophorus_moluccensis",29.8581247604619,560
"Carcharhinus_brachyurus",29.8549768285985,561
"Carcharhinus_brevipinna",29.8549768285985,562
"Carcharhinus_amboinensis",29.825953832436,563
"Fenestraja_mamillidens",29.8173734055756,564
"Pastinachus_sephen",29.7795573874821,565
"Pastinachus_gracilicaudus",29.7795573874821,566
"Galeus_mincaronei",29.7764192971821,567
"Neoraja_stehmanni",29.7650414029848,568
"Etmopterus_brachyurus",29.7364455438962,569
"Etmopterus_viator",29.7364445438962,570
"Mobula_tarapacana",29.720205646692,571
"Mobula_japanica",29.720205646692,572
"Breviraja_nigriventralis",29.6231098433256,573
"Bythaelurus_alcockii",29.5597572619817,574
"Bythaelurus_giddingsi",29.5597572619817,575
"Narcine_oculifera",29.507638140883,576
"Narcine_atzi",29.507638140883,577
"Apristurus_herklotsi",29.4258290284196,578
"Apristurus_micropterygeus",29.4258290284196,579
"Etmopterus_burgessi",29.3740254838583,580
"Etmopterus_fusus",29.3740254838583,581
"Cruriraja_atlantis",29.2861429271636,582
"Cruriraja_durbanensis",29.2861429271636,583
"Etmopterus_compagnoi",29.2551315908327,584
"Sphyrna_tiburo",29.2516563788583,585
"Squatina_californica",29.2336455727725,586
"Squatina_dumeril",29.2336455727725,587
"Triakis_maculata",29.1446827600414,588
"Triakis_acutipinna",29.1446827600414,589
"Atlantoraja_platana",29.0579606128146,590
"Atlantoraja_cyclophora",29.0579606128146,591
"Raja_asterias",29.0481980736181,592
"Rhinobatos_nudidorsalis",28.9586627039107,593
"Urotrygon_aspidura",28.8802721290898,594
"Rhizoprionodon_longurio",28.7455775081556,595
"Rhizoprionodon_lalandii",28.7455775081556,596
"Dasyatis_gigantea",28.7181614947574,597
"Sympterygia_bonapartii",28.6786135744052,598
"Sympterygia_brevicaudata",28.6786135744052,599
"Himantura_jenkinsii",28.6544718501497,600
"Himantura_randalli",28.6544708501497,601
"Neotrygon_annotata",28.6491939082237,602
"Neotrygon_picta",28.6491929082237,603
"Dasyatis_geijskesi",28.5465782742812,604
"Okamejei_leptoura",28.494727222263,605
"Squalus_brevirostris",28.4484931573474,606
"Potamotrygon_magdalenae",28.3866168184635,607
"Potamotrygon_hystrix",28.3866168184635,608
"Anacanthobatis_folirostris",28.3830796588982,609
"Heteronarce_bentuviai",28.3356054771679,610
"Heteronarce_mollis",28.3356054771679,611
"Scyliorhinus_comoroensis",28.247670054912,612
"Dasyatis_americana",28.1205925285574,613
"Mustelus_californicus",28.1144359756051,614
"Apristurus_sibogae",28.1010479873481,615
"Apristurus_brunneus",28.1010479873481,616
"Heliotrygon_gomesi",28.095358235331,617
"Heliotrygon_rosai",28.095358235331,618
"Hemitriakis_falcata",27.9677424507795,619
"Hemitriakis_complicofasciata",27.9677424507795,620
"Bathyraja_richardsoni",27.9368143238447,621
"Gymnura_altavela",27.8201188831886,622
"Gymnura_tentaculata",27.8201188831886,623
"Himantura_polylepis",27.670804782383,624
"Himantura_granulata",27.670804782383,625
"Leucoraja_lentiginosa",27.6116306448485,626
"Leucoraja_garmani",27.6116296448485,627
"Proscymnodon_plunketi",27.5773584212744,628
"Proscymnodon_macracanthus",27.5773584212744,629
"Rhinobatos_hynnicephalus",27.4539301010774,630
"Hydrolagus_macrophthalmus",27.4407444932588,631
"Hydrolagus_purpurescens",27.4407444932588,632
"Torpedo_microdiscus",27.3452571152392,633
"Leucoraja_caribbaea",27.3164679294652,634
"Leucoraja_pristispina",27.3164679294652,635
"Apristurus_pinguis",27.2900424645759,636
"Apristurus_profundorum",27.2900424645759,637
"Sphyrna_tudes",27.2788103888583,638
"Sphyrna_media",27.2788103888583,639
"Arhynchobatis_asperrimus",27.2677503063219,640
"Pseudoraja_fischeri",27.2677503063219,641
"Dasyatis_multispinosa",27.2412367116528,642
"Dasyatis_ushiei",27.1988686149862,643
"Galeus_polli",27.1411387643154,644
"Carcharhinus_melanopterus",27.0615657969485,645
"Carcharhinus_cautus",27.0615657969485,646
"Glyphis_glyphis",27.0520136975318,647
"Okamejei_hollandi",26.9336640043691,648
"Okamejei_arafurensis",26.9336630043691,649
"Oxynotus_japonicus",26.8407334016464,650
"Oxynotus_centrina",26.8407334016464,651
"Haploblepharus_pictus",26.8228665620376,652
"Haploblepharus_kistnasamyi",26.8228665620376,653
"Rajella_ravidula",26.789145500284,654
"Glaucostegus_microphthalmus",26.7774802855498,655
"Glaucostegus_thouin",26.7774802855498,656
"Etmopterus_caudistigmus",26.7719054648581,657
"Etmopterus_decacuspidatus",26.7719054648581,658
"Mustelus_schmitti",26.7151177882462,659
"Rhinobatos_annandalei",26.6952710872107,660
"Acroteriobatus_variegatus",26.6952710872107,661
"Chiloscyllium_hasseltii",26.5521599699765,662
"Chiloscyllium_griseum",26.5521599699765,663
"Bythaelurus_immaculatus",26.534511219815,664
"Bythaelurus_clevai",26.534511219815,665
"Mustelus_walkeri",26.5173053363051,666
"Raja_montagui",26.5138781838466,667
"Glaucostegus_obtusus",26.4913225750498,668
"Glaucostegus_spinosus",26.4913225750498,669
"Chimaera_lignaria",26.3699163185933,670
"Chimaera_notafricana",26.3699163185933,671
"Squatina_albipunctata",26.3201337008866,672
"Carcharhinus_sealei",26.273566735586,673
"Carcharhinus_dussumieri",26.273566735586,674
"Mustelus_canis",26.2605563891718,675
"Neoraja_carolinensis",26.2534567062348,676
"Cephaloscyllium_fasciatum",26.2410225499778,677
"Cephaloscyllium_pictum",26.2410225499778,678
"Crassinarke_dormitor",26.2291546666679,679
"Carcharhinus_isodon",26.1853261715318,680
"Anacanthobatis_stenosoma",26.1600169915149,681
"Bythaelurus_lutarius",26.0792326656484,682
"Squalus_crassispinus",25.9015541475691,683
"Hydrolagus_trolli",25.8870672564016,684
"Halaelurus_sellus",25.7999011579519,685
"Halaelurus_buergeri",25.7999011579519,686
"Rajella_barnardi",25.793692726384,687
"Malacoraja_obscura",25.7589282331515,688
"Malacoraja_senta",25.7589282331515,689
"Dasyatis_marianae",25.7549867920574,690
"Dasyatis_longa",25.7549857920574,691
"Scyliorhinus_garmani",25.741436500412,692
"Scyliorhinus_tokubee",25.741436500412,693
"Mustelus_lunulatus",25.6032386918218,694
"Rhinobatos_schlegelii",25.5980807220774,695
"Rhinobatos_formosensis",25.5980807220774,696
"Squatina_tergocellata",25.4952165388866,697
"Squatina_pseudocellata",25.4952165388866,698
"Dasyatis_parvonigra",25.4524963783334,699
"Centroscyllium_ornatum",25.3769386530056,700
"Breviraja_spinosa",25.364746989659,701
"Raja_stellulata",25.3212192656825,702
"Raja_rhina",25.3212192656825,703
"Paragaleus_leucolomatus",25.1424069863977,704
"Squalus_melanurus",25.0925425818474,705
"Squalus_albifrons",25.0925425818474,706
"Bathyraja_andriashevi",25.0688231833328,707
"Leucoraja_erinacea",25.0277705419818,708
"Scyliorhinus_cervigoni",24.9349777219636,709
"Scyliorhinus_retifer",24.9349777219636,710
"Rajella_lintea",24.902298944284,711
"Rajella_nigerrima",24.902298944284,712
"Hydrolagus_affinis",24.8510173699016,713
"Hydrolagus_mirabilis",24.8510173699016,714
"Psammobatis_extenta",24.8182743506135,715
"Anacanthobatis_donghaiensis",24.7421133528482,716
"Malacoraja_kreffti",24.6168760571515,717
"Malacoraja_spinacidermis",24.6168760571515,718
"Breviraja_colesi",24.615792138659,719
"Breviraja_claramaculata",24.615792138659,720
"Etmopterus_sculptus",24.5772365768581,721
"Etmopterus_sentosus",24.5772365768581,722
"Dasyatis_matsubarai",24.4341253031528,723
"Dasyatis_brevicaudata",24.4341253031528,724
"Paragaleus_pectoralis",24.3880726628977,725
"Paragaleus_randalli",24.3880726628977,726
"Holohalaelurus_punctatus",24.3629338773558,727
"Narcine_rierai",24.343494261883,728
"Narcine_brevilabiata",24.343494261883,729
"Holohalaelurus_favus",24.2959227521558,730
"Holohalaelurus_regani",24.2959227521558,731
"Squalus_grahami",24.2952881638058,732
"Psammobatis_rudis",24.2069886139469,733
"Urolophus_orarius",24.2031230827904,734
"Rhizoprionodon_terraenovae",24.2012212141556,735
"Rhizoprionodon_porosus",24.2012212141556,736
"Temera_hardwickii",24.2002028018679,737
"Narcine_firma",24.181926462883,738
"Narcine_maculata",24.181926462883,739
"Etmopterus_dianthus",24.1223898703327,740
"Scyliorhinus_torrei",24.1016976874636,741
"Scyliorhinus_haeckelii",24.1016976874636,742
"Centroscyllium_fabricii",24.0964263940056,743
"Centroscyllium_ritteri",24.0964263940056,744
"Typhlonarke_aysoni",24.0871724768346,745
"Typhlonarke_tarakea",24.0871724768346,746
"Rajella_fyllae",23.9629392381874,747
"Fenestraja_maceachrani",23.9232239315756,748
"Narcine_brasiliensis",23.780157485383,749
"Narcine_vermiculatus",23.780157485383,750
"Himantura_uarnak",23.7487341037463,751
"Rajella_challengeri",23.6751631806874,752
"Rajella_bigelowi",23.6751621806874,753
"Dasyatis_thetidis",23.6572054764862,754
"Dasyatis_centroura",23.6572054764862,755
"Neoraja_caerulea",23.6030346055682,756
"Prionace_glauca",23.5454716644985,757
"Carcharhinus_albimarginatus",23.5454716644985,758
"Torpedo_fairchildi",23.5255418692392,759
"Torpedo_alexandrinsis",23.5255418692392,760
"Urotrygon_chilensis",23.4975782020898,761
"Urotrygon_peruanus",23.4975782020898,762
"Hemitriakis_japanica",23.4502247091128,763
"Hemitriakis_abdita",23.3029609458128,764
"Hemitriakis_leucoperiptera",23.3029609458128,765
"Dipturus_bullisi",23.2938686510408,766
"Dipturus_garricki",23.2938686510408,767
"Myliobatis_ridens",23.2400261309073,768
"Myliobatis_tobijei",23.2400261309073,769
"Bythaelurus_incanus",23.1635101056484,770
"Bythaelurus_dawsoni",23.1635101056484,771
"Anacanthobatis_ori",23.0658705340149,772
"Anacanthobatis_americanus",23.0658705340149,773
"Dasyatis_guttata",23.0198273605812,774
"Dasyatis_hypostigma",23.0198273605812,775
"Squalus_cubensis",23.0126263244058,776
"Hemiscyllium_freycineti",23.0081421263563,777
"Hemiscyllium_hallstromi",23.0081421263563,778
"Leucoraja_naevus",22.9716150192371,779
"Scyliorhinus_meadi",22.955298453912,780
"Scyliorhinus_boa",22.955298453912,781
"Torpedo_californica",22.8952635389059,782
"Torpedo_puelcha",22.8952635389059,783
"Carcharhinus_wheeleri",22.8502064124985,784
"Carcharhinus_falciformis",22.8502054124985,785
"Bathyraja_hesperafricana",22.6648780532899,786
"Glyphis_garricki",22.6294688785318,787
"Glyphis_siamensis",22.6294688785318,788
"Sympterygia_acuta",22.5440969139052,789
"Sympterygia_lima",22.5440969139052,790
"Rhinoptera_brasiliensis",22.4546647630108,791
"Rhinoptera_peli",22.4546647630108,792
"Cephaloscyllium_variegatum",22.3909471955714,793
"Himantura_undulata",22.3677015332463,794
"Himantura_marginata",22.3677005332463,795
"Bathyraja_ishiharai",22.35510353383,796
"Bathyraja_spinosissima",22.35510353383,797
"Rajella_eisenhardti",22.1993055226874,798
"Rajella_caudaspinosa",22.1993045226874,799
"Hemiscyllium_strahani",22.1368998919063,800
"Hemiscyllium_michaeli",22.1368998919063,801
"Galeus_melastomus",22.0948823605654,802
"Urolophus_westraliensis",22.044105860757,803
"Urolophus_armatus",22.0441048607571,804
"Potamotrygon_marinae",22.0244508577703,805
"Potamotrygon_falkneri",22.0244508577703,806
"Mustelus_higmani",21.9123246846718,807
"Mustelus_henlei",21.9123246846718,808
"Brochiraja_aenigma",21.8291803751382,809
"Fenestraja_cubensis",21.7192450405756,810
"Fenestraja_sinusmexicanus",21.7192450405756,811
"Urotrygon_serrula",21.6804318647565,812
"Urotrygon_microphthalmum",21.6804318647565,813
"Okamejei_meerdervoortii",21.651531517263,814
"Okamejei_mengae",21.651531517263,815
"Leucoraja_wallacei",21.6184558369038,816
"Galeus_schultzi",21.6167317611821,817
"Galeus_nipponensis",21.6167317611821,818
"Bathyraja_griseocauda",21.601073565178,819
"Torpedo_marmorata",21.5322054555044,820
"Galeus_atlanticus",21.5187022629654,821
"Narcine_nigra",21.475927235264,822
"Cephaloscyllium_laticeps",21.4284069752857,823
"Myliobatis_rhombus",21.3884804819073,824
"Myliobatis_hamlyni",21.3884804819073,825
"Narcine_insolita",21.276538271764,826
"Narcine_brunnea",21.276538271764,827
"Apristurus_melanoasper",21.2205697841815,828
"Apristurus_platyrhynchus",21.1238575347815,829
"Apristurus_sinensis",21.1238575347815,830
"Dipturus_springeri",21.0913725582204,831
"Dipturus_queenslandicus",21.0913725582204,832
"Squalus_mitsukurii",21.0095904574058,833
"Narcine_lingula",20.919820939264,834
"Bathyraja_notoroensis",20.8136919439994,835
"Dipturus_doutrei",20.7971857307976,836
"Urolophus_kapalensis",20.7858352546904,837
"Urolophus_lobatus",20.7858342546904,838
"Parmaturus_melanobranchus",20.7822697011835,839
"Parmaturus_albipenis",20.7822697011835,840
"Raja_microocellata",20.7508031080133,841
"Cephaloscyllium_ventriosum",20.7234317873112,842
"Anacanthobatis_nanhaiensis",20.7144288378482,843
"Anacanthobatis_marmoratus",20.7144288378482,844
"Mustelus_manazo",20.6552289838017,845
"Urolophus_papilio",20.6281761196571,846
"Electrolux_addisoni",20.6205202736179,847
"Potamotrygon_brachyura",20.592132373437,848
"Apristurus_macrostomus",20.5852785565153,849
"Dipturus_nidarosiensis",20.5080972402314,850
"Nasolamia_velox",20.4999349345318,851
"Carcharhinus_acronotus",20.4999349345318,852
"Squalus_lalannei",20.4847178115691,853
"Squalus_formosus",20.4847178115691,854
"Glyphis_fowlerae",20.4555422138651,855
"Glyphis_gangeticus",20.4555422138651,856
"Squalus_edmundsi",20.4175347710691,857
"Squalus_hemipinnis",20.4175347710691,858
"Mustelus_mosis",20.3431581394885,859
"Brochiraja_vittacauda",20.3016499916382,860
"Brochiraja_heuresa",20.3016499916382,861
"Urolophus_expansus",20.281149058607,862
"Psammobatis_normani",20.2784262259469,863
"Psammobatis_lentiginosa",20.2784262259469,864
"Carcharhinus_leiodon",20.2424791376151,865
"Torpedo_torpedo",20.1378026754044,866
"Centroscyllium_granulatum",20.0655955392556,867
"Centroscyllium_excelsum",20.0655955392556,868
"Fenestraja_sibogae",19.9565492481173,869
"Carcharhinus_sorrah",19.934702197436,870
"Triaenodon_obesus",19.934701197436,871
"Squalus_rancureli",19.9179725550725,872
"Torpedo_andersoni",19.8882705298377,873
"Psammobatis_rutrum",19.8041094566135,874
"Psammobatis_parvacauda",19.8041094566135,875
"Himantura_kittipongi",19.7884911937463,876
"Himantura_fai",19.7884911937463,877
"Amblyraja_radiata",19.7741454624652,878
"Carcharhinus_tjutjot",19.6849037387056,879
"Carcharhinus_cerdale",19.6849037387056,880
"Urolophus_viridis",19.651479548107,881
"Urolophus_neocaledoniensis",19.651478548107,882
"Apristurus_kampae",19.643371686507,883
"Narcine_timlei",19.616684471764,884
"Narcine_bancroftii",19.616684471764,885
"Galeus_cadenati",19.5075535034654,886
"Galeus_priapus",19.5075535034654,887
"Cephaloscyllium_sarawakensis",19.4839230174524,888
"Etmopterus_pycnolepis",19.4712155906916,889
"Etmopterus_carteri",19.4712155906916,890
"Leucoraja_melitensis",19.4211385179038,891
"Leucoraja_fullonica",19.4211375179038,892
"Dipturus_gudgeri",19.3676802719961,893
"Dipturus_innominatus",19.3676802719961,894
"Etmopterus_unicolor",19.3604008139041,895
"Etmopterus_litvinovi",19.3604008139041,896
"Etmopterus_pseudosqualiolus",19.3094616136916,897
"Etmopterus_perryi",19.3094616136916,898
"Cephaloscyllium_isabellum",19.2345053775724,899
"Dasyatis_laosensis",19.2175947480001,900
"Fenestraja_plutonia",19.2002099951173,901
"Fenestraja_atripinna",19.2002099951173,902
"Bathyraja_bergi",19.1591926663649,903
"Zearaja_argentinensis",19.0629303008742,904
"Zearaja_maugeana",19.0629303008742,905
"Plesiotrygon_iwamae",19.0408160735349,906
"Plesiotrygon_nana",19.0408160735349,907
"Leucoraja_ocellata",18.9317299954818,908
"Cephaloscyllium_signourum",18.9062481049112,909
"Cephaloscyllium_stevensi",18.9062481049112,910
"Rajella_dissimilis",18.8502348308284,911
"Carcharhinus_limbatus",18.8221881216151,912
"Rhinoptera_sewelli",18.8142855941108,913
"Rhinoptera_marginata",18.8142855941108,914
"Galeus_gracilis",18.7483400621004,915
"Galeus_springeri",18.7483400621004,916
"Cephaloscyllium_albipinnum",18.7238949805724,917
"Carcharhinus_coatesi",18.6223085723723,918
"Urotrygon_venezuelae",18.5176306389827,919
"Himantura_pastinacoides",18.512640214232,920
"Neoraja_africana",18.5024291361682,921
"Neoraja_iberica",18.5024291361682,922
"Carcharhinus_leucas",18.4979357061985,923
"Bathyraja_abyssicola",18.4966864866754,924
"Bathyraja_trachura",18.4966864866754,925
"Carcharhinus_tilstoni",18.3840011806151,926
"Carcharhinus_amblyrhynchoides",18.3840011806151,927
"Cephaloscyllium_umbratile",18.368103468439,928
"Potamotrygon_henlei",18.3405106945703,929
"Potamotrygon_humerosa",18.3405106945703,930
"Squalus_japonicus",18.3317605755691,931
"Dasyatis_bennetti",18.3138073604334,932
"Dasyatis_navarrae",18.3138073604334,933
"Torpedo_macneilli",18.3118064205726,934
"Pavoraja_nitida",18.2946392861044,935
"Pavoraja_arenaria",18.2946392861044,936
"Centroscyllium_kamoharai",18.2806362727556,937
"Centroscyllium_nigrum",18.2806362727556,938
"Apristurus_albisoma",18.1792586945153,939
"Apristurus_bucephalus",18.1792586945153,940
"Dipturus_oregoni",18.0673681010463,941
"Rhinoptera_neglecta",18.0543833968441,942
"Dipturus_lanceorostratus",18.0172894331954,943
"Dipturus_mennii",18.0172894331954,944
"Raja_bahamensis",17.9441782436181,945
"Mustelus_mustelus",17.8208235578218,946
"Mustelus_fasciatus",17.8208235578218,947
"Cephaloscyllium_zebrum",17.809047242939,948
"Cephaloscyllium_hiscosellum",17.809046242939,949
"Bathyraja_simoterus",17.7262064619994,950
"Bathyraja_tzinovskii",17.7262064619994,951
"Urotrygon_cimar",17.7092917367327,952
"Urotrygon_nana",17.7092917367327,953
"Narke_japonica",17.7016641969512,954
"Bathyraja_smithii",17.6553324838447,955
"Apristurus_ampliceps",17.650799607307,956
"Apristurus_parvipinnis",17.6372722441737,957
"Apristurus_aphyodes",17.6372722441737,958
"Torpedo_formosa",17.5745761099059,959
"Torpedo_adenensis",17.5745761099059,960
"Asymbolus_analis",17.5198474527874,961
"Carcharhinus_altimus",17.4614245776985,962
"Carcharhinus_plumbeus",17.4614245776985,963
"Amblyraja_robertsi",17.4047814350207,964
"Dipturus_acrobelus",17.3653861371309,965
"Parmaturus_albimarginatus",17.3189508792335,966
"Parmaturus_sp.",17.3189508792335,967
"Himantura_walga",17.277201767294,968
"Himantura_dalyensis",17.277201767294,969
"Asymbolus_occiduus",17.2395797631208,970
"Torpedo_fuscomaculata",17.1699694539044,971
"Torpedo_zugmayeri",17.1699684539044,972
"Himantura_toshi",17.137511476932,973
"Himantura_astra",17.137511476932,974
"Leucoraja_virginica",17.1039232404818,975
"Dasyatis_hastata",17.0917886940001,976
"Dasyatis_akajei",17.0917876940001,977
"Squalus_blainville",17.0551483275691,978
"Asymbolus_vincenti",17.0218579551208,979
"Asymbolus_parvus",17.0218579551208,980
"Torpedo_sinuspersici",16.9045662233377,981
"Torpedo_tremens",16.9045662233377,982
"Rhinoptera_javanica",16.8882197648441,983
"Rhinoptera_adspersa",16.8882187648441,984
"Notoraja_alisae",16.8760770250764,985
"Insentiraja_subtilispinosa",16.7842143084249,986
"Insentiraja_laxipella",16.7842143084249,987
"Narke_dipterygia",16.7422632400512,988
"Narke_capensis",16.7422632400512,989
"Bathyraja_aleutica",16.6573622676649,990
"Bathyraja_isotrachys",16.6573612676649,991
"Asymbolus_submaculatus",16.5087598782874,992
"Asymbolus_rubiginosus",16.5087598782874,993
"Parmaturus_macmillani",16.3309163523835,994
"Parmaturus_xaniurus",16.3309163523835,995
"Dipturus_ecuadoriensis",16.3241687456309,996
"Dipturus_intermedia",16.3241687456309,997
"Dipturus_gigas",16.3231308452314,998
"Urotrygon_munda",16.303533705316,999
"Torpedo_nobiliana",16.2751165520726,1000
"Torpedo_polleni",16.2751155520726,1001
"Galeus_piperatus",16.2241210937905,1002
"Galeus_arae",16.2241210937905,1003
"Psammobatis_scobina",16.2216831197802,1004
"Psammobatis_bergi",16.2216831197802,1005
"Mustelus_ravidus",16.1964776284885,1006
"Mustelus_widodoi",16.1964776284885,1007
"Parmaturus_pilosus",16.1910681757335,1008
"Pavoraja_mosaica",16.1874959223544,1009
"Pavoraja_pseudonitida",16.1874959223544,1010
"Brochiraja_asperula",16.1715535308632,1011
"Brochiraja_spinifera",16.1715535308632,1012
"Apristurus_indicus",16.156485841007,1013
"Apristurus_fedorovi",16.156485841007,1014
"Potamotrygon_boesemani",16.1144906008016,1015
"Dasyatis_garouaensis",16.0824759676667,1016
"Okamejei_schmidti",16.0083648274246,1017
"Raja_miraletus",15.9967828652332,1018
"Okamejei_kenojei",15.9556941379246,1019
"Okamejei_philipi",15.9556931379246,1020
"Parmaturus_campechiensis",15.9327731623835,1021
"Parmaturus_bigus",15.9327731623835,1022
"Urolophus_javanicus",15.9224372656571,1023
"Okamejei_boesemani",15.8655865060246,1024
"Okamejei_cairae",15.8655865060246,1025
"Rajella_fuliginea",15.860972541884,1026
"Rajella_kukujevi",15.860971541884,1027
"Rajella_leopardus",15.7444669113284,1028
"Rajella_purpuriventralis",15.7444669113284,1029
"Himantura_imbricata",15.582108305694,1030
"Dasyatis_lata",15.582108305694,1031
"Squalus_montalbani",15.3957237893724,1032
"Squalus_chloroculus",15.3957237893724,1033
"Pavoraja_alleni",15.3814775193544,1034
"Pavoraja_umbrosa",15.3814775193544,1035
"Dasyatis_tortonesei",15.3168818196667,1036
"Dasyatis_fluviorum",15.3168808196667,1037
"Dipturus_trachydermus",15.2312443042742,1038
"Dipturus_leptocaudus",15.2312443042742,1039
"Notoraja_fijiensis",15.1819325806431,1040
"Squalus_nasutus",15.1543444265691,1041
"Squalus_raoulensis",15.1543444265691,1042
"Urolophus_sufflavus",15.151589435457,1043
"Mustelus_stevensi",15.1169742163017,1044
"Mustelus_palumbes",15.0838934380517,1045
"Mustelus_asterias",15.0838934380517,1046
"Dipturus_pullopunctata",15.0747443043797,1047
"Notoraja_sticta",15.0696587474364,1048
"Urolophus_cruciatus",15.061446250857,1049
"Urolophus_paucimaculatus",15.061446250857,1050
"Bathyraja_scaphiops",15.0230492567494,1051
"Urolophus_piperatus",14.9304243301571,1052
"Urolophus_deforgesi",14.9304243301571,1053
"Rajella_annandalei",14.9096355820506,1054
"Dipturus_laevis",14.8677209657976,1055
"Dipturus_campbelli",14.8677209657976,1056
"Bathyraja_shuntovi",14.8177589006994,1057
"Apristurus_manis",14.715066344107,1058
"Apristurus_microps",14.715066344107,1059
"Raja_rouxi",14.6572625972332,1060
"Bathyraja_microtrachys",14.6277984218315,1061
"Isogomphodon_oxyrhynchus",14.5944364517056,1062
"Carcharhinus_longimanus",14.5944364517056,1063
"Potamotrygon_ocellata",14.5768144508016,1064
"Potamotrygon_yepezi",14.5768144508016,1065
"Potamotrygon_signata",14.5103126541349,1066
"Potamotrygon_leopoldi",14.5103126541349,1067
"Mustelus_antarcticus",14.4559231137017,1068
"Urotrygon_simulatrix",14.427992058816,1069
"Urotrygon_caudispinosus",14.427992058816,1070
"Raja_maderensis",14.3421893033314,1071
"Zearaja_chilensis",14.3417090393742,1072
"Zearaja_nasuta",14.3417090393742,1073
"Dipturus_crosnieri",14.2651829780287,1074
"Dipturus_oxyrinchus",14.0567703267976,1075
"Notoraja_azurea",14.0247319468931,1076
"Brochiraja_leviveneta",14.0032323094632,1077
"Brochiraja_albilabiata",14.0032323094632,1078
"Bathyraja_leucomelanos",13.9784908708447,1079
"Bathyraja_trachouros",13.9784908708447,1080
"Dipturus_endeavouri",13.9687286392314,1081
"Bathyraja_pallida",13.9382774994994,1082
"Raja_atriventralis",13.8356206914931,1083
"Raja_africana",13.8356206914931,1084
"Raja_rondeleti",13.80353773008,1085
"Carcharhinus_obscurus",13.8013314683723,1086
"Carcharhinus_galapagensis",13.8013314683723,1087
"Raja_brachyura",13.7636102659133,1088
"Raja_chinensis",13.7636102659133,1089
"Mustelus_mento",13.7615725230517,1090
"Mustelus_albipinnis",13.7615725230517,1091
"Raja_texana",13.7189948277332,1092
"Raja_cervigoni",13.7189948277332,1093
"Raja_polystigma",13.6461311919981,1094
"Bathyraja_schroederi",13.5492317176106,1095
"Leucoraja_yucatanensis",13.5072194606818,1096
"Leucoraja_leucosticta",13.5072194606818,1097
"Dipturus_grahami",13.3451052392314,1098
"Dipturus_stenorhynchus",13.3451052392314,1099
"Potamotrygon_schroederi",13.154124531056,1100
"Potamotrygon_tigrina",13.154124531056,1101
"Raja_ackleyi",13.03214287558,1102
"Raja_macrorynchus",13.03214287558,1103
"Mustelus_dorsalis",12.9548462487017,1104
"Mustelus_lenticulatus",12.9548462487017,1105
"Bathyraja_meridionalis",12.8964858547494,1106
"Dipturus_johannisdavesi",12.7844456014961,1107
"Etmopterus_granulosus",12.7464454612041,1108
"Etmopterus_princeps",12.7464444612041,1109
"Dipturus_healdi",12.7285857416287,1110
"Dipturus_olseni",12.6874608238797,1111
"Dipturus_flavirostris",12.6874608238797,1112
"Raja_radula",12.5020918983314,1113
"Raja_clavata",12.5020918983314,1114
"Notoraja_longiventralis",12.4758905104364,1115
"Notoraja_inusitata",12.4758905104364,1116
"Dipturus_apricus",12.1815024092976,1117
"Dipturus_batis",12.1815014092976,1118
"Potamotrygon_orbignyi",12.159981795056,1119
"Potamotrygon_castexi",12.159981795056,1120
"Dipturus_macrocauda",12.0645673173516,1121
"Dipturus_tengu",12.0645673173516,1122
"Bathyraja_maculata",11.87753348833,1123
"Bathyraja_lindbergi",11.87753348833,1124
"Bathyraja_spinicauda",11.8301492813315,1125
"Bathyraja_eatonii",11.8301482813315,1126
"Etmopterus_spinax",11.6225819222375,1127
"Rhinoraja_multispinis",11.59126694863,1128
"Rhinoraja_longicauda",11.59126594863,1129
"Etmopterus_bullisi",11.5796240310025,1130
"Etmopterus_villosus",11.5796240310025,1131
"Raja_equatorialis",11.5658825775665,1132
"Bathyraja_maccaini",11.5367534725649,1133
"Rhinoraja_kujiensis",11.5367534725649,1134
"Spiniraja_whitleyi",11.3178162500314,1135
"Dipturus_polyommata",11.3178162500314,1136
"Notoraja_ochroderma",11.1281690095598,1137
"Dipturus_teevani",11.1271407813787,1138
"Dipturus_confusus",11.0960802976627,1139
"Rajella_alia",11.0157531389506,1140
"Rajella_sadowskii",11.0157531389506,1141
"Notoraja_tobitukai",11.0148642044364,1142
"Notoraja_lira",11.0148642044364,1143
"Bathyraja_longicauda",10.9140592194772,1144
"Notoraja_sapphira",10.8434614107598,1145
"Notoraja_hirticauda",10.8434614107598,1146
"Raja_herwigi",10.6772112331665,1147
"Raja_undulata",10.6772112331665,1148
"Rhinoraja_albomaculata",10.6409953106106,1149
"Rhinoraja_macloviana",10.6409953106106,1150
"Dipturus_canutus",10.5272440104961,1151
"Rhinoraja_murrayi",10.3924197897494,1152
"Bathyraja_minispinosa",10.2055735314772,1153
"Amblyraja_taaf",10.1999873943957,1154
"Amblyraja_georgiana",10.1999873943957,1155
"Raja_straeleni",10.1980045134981,1156
"Raja_cortezensis",10.1980045134981,1157
"Amblyraja_frerichsi",10.1692071482291,1158
"Amblyraja_doellojuradoi",10.1692071482291,1159
"Potamotrygon_dumerilii",9.78741548065605,1160
"Dipturus_australis",9.76663208166273,1161
"Dipturus_cerva",9.76663208166273,1162
"Dentiraja_lemprieri",9.69541947549607,1163
"Dentiraja_flindersi",9.69541947549607,1164
"Bathyraja_parmifera",9.67617636769944,1165
"Dipturus_wengi",9.65179946137871,1166
"Rhinoraja_magellanica",9.52286404824944,1167
"Bathyraja_panthera",9.52286204824944,1168
"Bathyraja_tunae",9.41679412547722,1169
"Bathyraja_peruana",9.41679412547722,1170
"Potamotrygon_scobina",9.22889259085605,1171
"Potamotrygon_motoro",9.22889259085605,1172
"Bathyraja_cousseauae",9.13870604747722,1173
"Bathyraja_fedorovi",9.13870504747722,1174
"Bathyraja_irrasa",9.11266157374944,1175
"Bathyraja_papilionifera",9.11266057374944,1176
"Bathyraja_brachyurops",8.90898481224944,1177
"Bathyraja_diplotaenia",8.90898281224944,1178
"Dipturus_falloargus",8.81282832237871,1179
"Dipturus_wuhanlingi",8.81282832237871,1180
"Rhinoraja_taranetzi",8.74866976717801,1181
"Bathyraja_matsubarai",8.74866876717801,1182
"Bathyraja_smirnovi",8.70443259219944,1183
"Rhinoraja_odai",8.70443059219944,1184
"Amblyraja_reversa",8.36793977472906,1185
"Amblyraja_hyperborea",8.36793977472906,1186
"Amblyraja_jenseni",7.64298999876906,1187
"Amblyraja_badia",7.64298999876906,1188
"Bathyraja_mariposa",7.02447533507801,1189
"Bathyraja_aguja",7.02447333507801,1190
"Bathyraja_kincaidii",6.77024973232801,1191
"Bathyraja_violacea",6.77024973232801,1192
