"Rank_rho001","species_tree","species","EvoHeritage_rho001","Ancestral_EvoHeritage"
1,"Platyrhinoidis_triseriata","Platyrhinoidis triseriata",89.4728261702302,102.552385522056
2,"Zanobatus_schoenleinii","Zanobatus schoenleinii",88.3519799857199,99.3839193381382
3,"Hypnos_monopterygius","Hypnos monopterygius",81.2845323140636,95.2863200968071
4,"Mitsukurina_owstoni","Mitsukurina owstoni",78.5413479336943,94.4406587101778
5,"Hexatrygon_bickelli","Hexatrygon bickelli",77.5156469015006,100.855059090763
6,"Anoxypristis_cuspidata","Anoxypristis cuspidata",76.2926669389166,101.003306409318
7,"Brachaelurus_waddi","Brachaelurus waddi",75.2655147459156,105.043758573812
8,"Heterodontus_francisci","Heterodontus francisci",75.1212819474409,96.4409615595442
9,"Zapteryx_brevirostris","Zapteryx brevirostris",74.306361902016,102.91322649945
10,"Heterodontus_mexicanus","Heterodontus mexicanus",74.1447794210465,99.3559265452308
11,"Carcharias_taurus","Carcharias taurus",74.0853100527746,108.063402547287
12,"Brachaelurus_colcloughi","Brachaelurus colcloughi",74.0786514692532,97.0011299699592
13,"Trygonorrhina_melaleuca","Trygonorrhina melaleuca",73.8998069265917,102.088308326469
14,"Notorynchus_cepedianus","Notorynchus cepedianus",73.807576963101,103.210691704474
15,"Pseudoginglymostoma_brevicaudatum","Pseudoginglymostoma brevicaudatum",72.701209455674,96.5784923128254
16,"Rhina_ancylostoma","Rhina ancylostoma",72.5244037826791,95.3900305665705
17,"Alopias_superciliosus","Alopias superciliosus",72.0411874225195,96.2136675937146
18,"Plesiobatis_daviesi","Plesiobatis daviesi",71.5812740765351,97.3925506619285
19,"Dalatias_licha","Dalatias licha",69.8873621400358,97.3129102687169
20,"Pristis_pristis","Pristis pristis",69.8803515542807,101.599383981333
21,"Eucrossorhinus_dasypogon","Eucrossorhinus dasypogon",69.6359773393884,100.41047558134
22,"Cetorhinus_maximus","Cetorhinus maximus",69.1027820339697,103.046248247657
23,"Pliotrema_warreni","Pliotrema warreni",68.1738626425709,100.996809494227
24,"Trigonognathus_kabeyai","Trigonognathus kabeyai",67.7355621602122,98.2354288227794
25,"Leptocharias_smithii","Leptocharias smithii",66.9227928354076,101.298162043717
26,"Alopias_pelagicus","Alopias pelagicus",66.5294509819062,98.1709140527525
27,"Rhinobatos_penggali","Rhinobatos penggali",66.3207324497445,96.9688628848413
28,"Pristis_clavata","Pristis clavata",66.1570798802558,100.800347435201
29,"Alopias_vulpinus","Alopias vulpinus",65.3296686004739,96.9371998035759
30,"Pseudotriakis_microdon","Pseudotriakis microdon",65.0713630987472,109.124656832755
31,"Aetobatus_narinari","Aetobatus narinari",63.0766158617664,102.543281558392
32,"Hemipristis_elongata","Hemipristis elongata",62.7737614037803,100.864801760284
33,"Pristis_pectinata","Pristis pectinata",61.6743139380036,97.4342109052205
34,"Cruriraja_hulleyi","Cruriraja hulleyi",61.4767794069205,101.40549417726
35,"Pristiophorus_japonicus","Pristiophorus japonicus",61.1555391867915,107.111117544911
36,"Pristis_zijsron","Pristis zijsron",60.9964874432947,99.3118611962692
37,"Planonasus_parini","Planonasus parini",60.8362362615385,102.775585432123
38,"Aetomylaeus_vespertilio","Aetomylaeus vespertilio",60.6936409928499,94.6513766410604
39,"Dasyatis_microps","Dasyatis microps",60.6746750536961,97.2618759597009
40,"Squaliolus_laticaudus","Squaliolus laticaudus",60.3745125081121,102.063264018594
41,"Aetobatus_flagellum","Aetobatus flagellum",60.2107375365123,100.568408544886
42,"Aptychotrema_vincentiana","Aptychotrema vincentiana",59.9146124807202,108.337987939394
43,"Galeocerdo_cuvier","Galeocerdo cuvier",59.7073156108837,106.41818006673
44,"Sinobatis_melanosoma","Sinobatis melanosoma",59.132030257843,97.9875325710187
45,"Platyrhina_hyugaensis","Platyrhina hyugaensis",59.0755441273542,98.0446307511375
46,"Centrophorus_zeehaani","Centrophorus zeehaani",58.9870118638061,101.398844788317
47,"Mollisquama_parini","Mollisquama parini",58.7404547585921,95.6862993294793
48,"Apristurus_saldanha","Apristurus saldanha",58.2771313229687,102.737474655454
49,"Centrophorus_atromarginatus","Centrophorus atromarginatus",57.8583731693587,97.0717761574525
50,"Sinobatis_caerulea","Sinobatis caerulea",57.5569521282907,91.4562199958041
51,"Heptranchias_perlo","Heptranchias perlo",57.0638380405485,100.874978366795
52,"Chimaera_phantasma","Chimaera phantasma",56.6496197107146,105.435926279959
53,"Trygonorrhina_fasciata","Trygonorrhina fasciata",55.8500756363793,95.7562122458709
54,"Hypogaleus_hyugaensis","Hypogaleus hyugaensis",55.787375635459,99.60110140733
55,"Urolophus_mitosis","Urolophus mitosis",55.7330942088256,98.7029105694793
56,"Platyrhina_sinensis","Platyrhina sinensis",55.6261868372369,98.3673613300171
57,"Heterodontus_ramalheira","Heterodontus ramalheira",55.6003340680754,91.9089407217312
58,"Cirrhigaleus_asper","Cirrhigaleus asper",55.51048429944,108.917253743807
59,"Lamna_nasus","Lamna nasus",55.285924235634,103.16608920091
60,"Neoharriotta_pinnata","Neoharriotta pinnata",55.0894476297775,104.429617675003
61,"Echinorhinus_cookei","Echinorhinus cookei",55.0767549146732,101.451093086986
62,"Platyrhina_tangi","Platyrhina tangi",55.0114955230123,98.4167110486513
63,"Carcharodon_carcharias","Carcharodon carcharias",54.9057576690708,98.430663002606
64,"Hemiscyllium_ocellatum","Hemiscyllium ocellatum",54.8557689777449,101.78746391366
65,"Centroselachus_crepidater","Centroselachus crepidater",54.3951320430679,98.5841882009901
66,"Echinorhinus_brucus","Echinorhinus brucus",54.3860398558218,102.786759021689
67,"Galeorhinus_galeus","Galeorhinus galeus",54.0146329481753,95.0675830183265
68,"Trygonorrhina_dumerilii","Trygonorrhina dumerilii",53.8864498069324,91.0783862457491
69,"Taeniura_lymma","Taeniura lymma",53.8214874063633,97.1144901560633
70,"Narcine_westraliensis","Narcine westraliensis",53.7312946018254,99.3598867043248
71,"Apristurus_canutus","Apristurus canutus",53.6247857711495,101.482457296624
72,"Urolophus_circularis","Urolophus circularis",53.085175426009,101.009178681012
73,"Isurus_paucus","Isurus paucus",53.0620102351481,103.184603377224
74,"Lamna_ditropis","Lamna ditropis",52.7649774199551,100.111148742957
75,"Pseudocarcharias_kamoharai","Pseudocarcharias kamoharai",51.6418082517944,96.6968467275983
76,"Hexanchus_vitulus","Hexanchus vitulus",51.0508232258051,102.372957559028
77,"Isurus_oxyrinchus","Isurus oxyrinchus",51.0369345197746,94.8016546734119
78,"Furgaleus_macki","Furgaleus macki",51.0143406215747,97.2058612630475
79,"Aetomylaeus_maculatus","Aetomylaeus maculatus",50.796834621064,94.905090304708
80,"Galeus_eastmani","Galeus eastmani",50.3124752172336,101.75000375909
81,"Trygonoptera_ovalis","Trygonoptera ovalis",50.2076984118931,96.0930682891947
82,"Galeus_sauteri","Galeus sauteri",50.1304545166092,101.320302122582
83,"Orectolobus_ornatus","Orectolobus ornatus",50.0791810639258,95.6515012500766
84,"Chiloscyllium_punctatum","Chiloscyllium punctatum",49.9873070911061,106.987148562
85,"Gogolia_filewoodi","Gogolia filewoodi",49.7809031921789,100.463474547752
86,"Trygonoptera_personata","Trygonoptera personata",49.6139445831791,103.939873702009
87,"Iago_garricki","Iago garricki",49.4977841557678,101.619145199746
88,"Sinobatis_borneensis","Sinobatis borneensis",49.4668971824555,93.4081859304257
89,"Okamejei_jensenae","Okamejei jensenae",49.3698897625602,101.557324928978
90,"Iago_omanensis","Iago omanensis",49.2671622047499,101.783862200653
91,"Dasyatis_zugei","Dasyatis zugei",49.2191336384648,98.1255131745644
92,"Trygonoptera_galba","Trygonoptera galba",48.5279647823492,94.6571018427936
93,"Diplobatis_guamachensis","Diplobatis guamachensis",48.5020544654116,91.9074994730033
94,"Urolophus_gigas","Urolophus gigas",48.4751864089609,93.7946992891976
95,"Gymnura_micrura","Gymnura micrura",48.3284671111193,110.111268138289
96,"Megachasma_pelagios","Megachasma pelagios",48.2688099213315,98.3051668479326
97,"Centrophorus_squamosus","Centrophorus squamosus",47.9658546455369,103.445970013685
98,"Apristurus_exsanguis","Apristurus exsanguis",47.7067130685899,104.476961287806
99,"Acroteriobatus_leucospilus","Acroteriobatus leucospilus",47.6099431641286,102.907741852831
100,"Schroederichthys_tenuis","Schroederichthys tenuis",47.4563933124444,98.3528666847298
101,"Rhinochimaera_pacifica","Rhinochimaera pacifica",47.1513691214563,100.383620055525
102,"Triakis_semifasciata","Triakis semifasciata",46.7707355701981,96.895164118548
103,"Neotrygon_ningalooensis","Neotrygon ningalooensis",46.7574904920232,94.318015228773
104,"Eusphyra_blochii","Eusphyra blochii",46.5784641142014,96.4287006234198
105,"Makararaja_chindwinensis","Makararaja chindwinensis",46.384342714494,102.368453368845
106,"Squatina_japonica","Squatina japonica",46.1467188534058,95.484628622656
107,"Gymnura_hirundo","Gymnura hirundo",46.042179045958,100.859377362565
108,"Loxodon_macrorhinus","Loxodon macrorhinus",45.904326167051,100.314318586141
109,"Benthobatis_marcida","Benthobatis marcida",45.8656291315497,100.460386102339
110,"Gymnura_afuerae","Gymnura afuerae",45.1857966297708,103.035388396528
111,"Chiloscyllium_plagiosum","Chiloscyllium plagiosum",45.1756099866026,102.91570882542
112,"Chaenogaleus_macrostoma","Chaenogaleus macrostoma",45.0079619240603,104.348227279958
113,"Orectolobus_parvimaculatus","Orectolobus parvimaculatus",44.9282860640268,96.8023368180417
114,"Centroscymnus_coelolepis","Centroscymnus coelolepis",44.8382016118656,102.132417220443
115,"Chiloscyllium_indicum","Chiloscyllium indicum",44.748628856284,110.202196305192
116,"Hemitriakis_indroyonoi","Hemitriakis indroyonoi",44.7347620745115,101.61042767761
117,"Bythaelurus_canescens","Bythaelurus canescens",44.6758092420401,103.960488485389
118,"Atelomycterus_baliensis","Atelomycterus baliensis",44.6160298342997,99.4486747722514
119,"Gollum_suluensis","Gollum suluensis",44.6112747487115,98.591135323066
120,"Zapteryx_exasperata","Zapteryx exasperata",44.6047341565966,101.545873083519
121,"Schroederichthys_bivius","Schroederichthys bivius",44.5876369197778,95.597396539207
122,"Aetomylaeus_nichofii","Aetomylaeus nichofii",44.2939800038214,99.9578285848737
123,"Myliobatis_californicus","Myliobatis californicus",44.2684091245722,105.474055624649
124,"Orectolobus_hutchinsi","Orectolobus hutchinsi",43.8163877332188,100.769369940244
125,"Gymnura_poecilura","Gymnura poecilura",43.6617609359001,100.620314512726
126,"Chimaera_obscura","Chimaera obscura",43.5505611055587,99.3031018992697
127,"Dasyatis_marmorata","Dasyatis marmorata",43.5011842603986,101.037105119973
128,"Gollum_attenuatus","Gollum attenuatus",43.4838922509611,99.9916761527332
129,"Chlamydoselachus_anguineus","Chlamydoselachus anguineus",43.3668203188201,98.3568436160455
130,"Chlamydoselachus_africana","Chlamydoselachus africana",43.3668203188201,98.3568436160455
131,"Narcine_leoparda","Narcine leoparda",43.0441591336258,94.0911544991913
132,"Zapteryx_xyster","Zapteryx xyster",43.0395904563014,100.85166430011
133,"Himantura_lobistoma","Himantura lobistoma",43.0305665210774,100.876046400189
134,"Atelomycterus_marmoratus","Atelomycterus marmoratus",42.917666037916,96.5615013805022
135,"Trygonoptera_testacea","Trygonoptera testacea",42.888818968733,97.9642525528801
136,"Rostroraja_alba","Rostroraja alba",42.8285339883342,101.036449140643
137,"Sphyrna_mokarran","Sphyrna mokarran",42.8202329881998,98.0459978510538
138,"Urobatis_marmoratus","Urobatis marmoratus",42.5512316421779,93.6475940799607
139,"Hemigaleus_microstoma","Hemigaleus microstoma",42.4553043201588,100.324479809439
140,"Himantura_schmardae","Himantura schmardae",42.3746006157928,103.787808808392
141,"Narcine_tasmaniensis","Narcine tasmaniensis",42.0847771552795,102.84740669423
142,"Chimaera_bahamaensis","Chimaera bahamaensis",41.9941064811683,98.3853170727134
143,"Taeniurops_grabata","Taeniurops grabata",41.9554032945565,96.2876455901197
144,"Scymnodalatias_oligodon","Scymnodalatias oligodon",41.893625924193,102.828273449057
145,"Taeniurops_meyeni","Taeniurops meyeni",41.8733774616978,96.4973113562685
146,"Etmopterus_schmidti","Etmopterus schmidti",41.7670488607598,101.523442351838
147,"Hemigaleus_australiensis","Hemigaleus australiensis",41.7651990430555,99.3873870167091
148,"Squatina_squatina","Squatina squatina",41.7646055139007,99.8201720280223
149,"Scymnodalatias_garricki","Scymnodalatias garricki",41.7586002485378,97.3092441424317
150,"Narcine_lasti","Narcine lasti",41.7411207987966,98.6135318504299
151,"Sphyrna_zygaena","Sphyrna zygaena",41.5974550153819,97.7873513078439
152,"Deania_quadrispinosa","Deania quadrispinosa",41.5456493800563,106.77537385274
153,"Hydrolagus_alberti","Hydrolagus alberti",41.4734227362098,97.5363004599612
154,"Cruriraja_parcomaculata","Cruriraja parcomaculata",41.4019021578203,108.02871830996
155,"Cirrhigaleus_australis","Cirrhigaleus australis",41.063619661162,105.040999083155
156,"Hydrolagus_alphus","Hydrolagus alphus",41.0246859607995,93.9713412994009
157,"Hydrolagus_deani","Hydrolagus deani",40.9502876135786,96.7890106790324
158,"Himantura_pacifica","Himantura pacifica",40.8908345980508,99.308658605679
159,"Hongeo_koreana","Hongeo koreana",40.8239923915169,104.871771257834
160,"Cirrhigaleus_barbifer","Cirrhigaleus barbifer",40.8026085454589,107.483629390608
161,"Chimaera_jordani","Chimaera jordani",40.7986520769398,95.4157766734164
162,"Haploblepharus_fuscus","Haploblepharus fuscus",40.787480515725,102.780963444713
163,"Zameus_squamulosus","Zameus squamulosus",40.6403794531909,93.8879619814332
164,"Acroteriobatus_annulatus","Acroteriobatus annulatus",40.6125003842665,106.221829086205
165,"Neotrygon_kuhlii","Neotrygon kuhlii",40.5897740358162,96.425922582303
166,"Chimaera_cubana","Chimaera cubana",40.5267990274152,97.8659992601457
167,"Dasyatis_sabina","Dasyatis sabina",40.4377827925792,98.1978585683231
168,"Squatina_caillieti","Squatina caillieti",40.3915716363414,94.0682506476267
169,"Sutorectus_tentaculatus","Sutorectus tentaculatus",40.2983878067688,96.8552907344136
170,"Pteroplatytrygon_violacea","Pteroplatytrygon violacea",40.2526568894797,97.164749777038
171,"Figaro_striatus","Figaro striatus",40.2228677991761,104.694753684633
172,"Pentanchus_profundicolus","Pentanchus profundicolus",40.2056811044466,100.4560675203
173,"Gymnura_crooki","Gymnura crooki",40.1677754855631,101.707084355846
174,"Heterodontus_portusjacksoni","Heterodontus portusjacksoni",40.1428683217001,99.6831339600464
175,"Figaro_boardmani","Figaro boardmani",40.0573214032844,106.699217205925
176,"Heterodontus_galeatus","Heterodontus galeatus",40.0244402790877,98.6043652994267
177,"Rhinobatos_lionotus","Rhinobatos lionotus",39.8354104281953,98.8623703866593
178,"Callorhinchus_capensis","Callorhinchus capensis",39.6541412479936,100.492693946453
179,"Dasyatis_sinensis","Dasyatis sinensis",39.5583983319421,94.5617880511224
180,"Aculeola_nigra","Aculeola nigra",39.5226200133695,105.519977156092
181,"Proscyllium_habereri","Proscyllium habereri",39.4864739309562,99.6946985865589
182,"Torpedo_tokionis","Torpedo tokionis",39.3934473941844,90.4124518721237
183,"Oxynotus_caribbaeus","Oxynotus caribbaeus",39.3593708087564,103.708197284863
184,"Rhinobatos_holcorhynchus","Rhinobatos holcorhynchus",39.3203006842704,97.2257942268069
185,"Deania_profundorum","Deania profundorum",39.3170491865549,102.460016365623
186,"Dactylobatus_clarkii","Dactylobatus clarkii",39.3151622872152,106.647581032223
187,"Squatina_africana","Squatina africana",39.2749656254527,96.6534094911976
188,"Rhinobatos_albomaculatus","Rhinobatos albomaculatus",39.2595608233083,103.892546211767
189,"Dasyatis_margaritella","Dasyatis margaritella",39.2059482900343,101.633548914764
190,"Mustelus_whitneyi","Mustelus whitneyi",39.2010032667868,98.7445089587888
191,"Rhinobatos_glaucostigma","Rhinobatos glaucostigma",39.1501566129728,105.636849492079
192,"Centrophorus_westraliensis","Centrophorus westraliensis",39.1290045623843,103.504753509888
193,"Etmopterus_robinsi","Etmopterus robinsi",39.0710330683817,98.9283930758963
194,"Rhinobatos_jimbaranensis","Rhinobatos jimbaranensis",39.0679375682379,97.6605158158201
195,"Odontaspis_ferox","Odontaspis ferox",38.9358677842451,95.7877640209538
196,"Dipturus_kwangtungensis","Dipturus kwangtungensis",38.8981171335789,105.517814878305
197,"Aptychotrema_timorensis","Aptychotrema timorensis",38.8705368392509,102.221032732914
198,"Pristiophorus_cirratus","Pristiophorus cirratus",38.8196175827002,102.806302761747
199,"Zameus_ichiharai","Zameus ichiharai",38.8055631663099,93.4669153536154
200,"Neoharriotta_carri","Neoharriotta carri",38.7339646930597,100.386610397741
201,"Scyliorhinus_capensis","Scyliorhinus capensis",38.6967596901833,97.4602757404359
202,"Rhinobatos_planiceps","Rhinobatos planiceps",38.6800695694759,105.667280249548
203,"Scymnodon_ringens","Scymnodon ringens",38.6517995933637,100.360479227893
204,"Torpedo_mackayana","Torpedo mackayana",38.6186476341719,97.5184049258933
205,"Dactylobatus_armatus","Dactylobatus armatus",38.6173178850685,100.991570791017
206,"Somniosus_longus","Somniosus longus",38.5193146181868,105.541216019219
207,"Aptychotrema_rostrata","Aptychotrema rostrata",38.4599647292591,101.537658407327
208,"Callorhinchus_milii","Callorhinchus milii",38.364927559578,99.5340322346194
209,"Urobatis_halleri","Urobatis halleri",38.2847991729899,100.526618435153
210,"Gymnura_japonica","Gymnura japonica",38.2696573847639,99.3635899806174
211,"Squatina_armata","Squatina armata",38.2654184085151,94.840670262025
212,"Apristurus_investigatoris","Apristurus investigatoris",38.2618210522932,94.1453939281179
213,"Mustelus_sinusmexicanus","Mustelus sinusmexicanus",38.2570291021445,99.8636355805188
214,"Rhinobatos_irvinei","Rhinobatos irvinei",38.2200654551622,105.899566930568
215,"Torpedo_bauchotae","Torpedo bauchotae",38.177189002952,96.8229762801658
216,"Mobula_eregoodootenkee","Mobula eregoodootenkee",38.1691967243658,107.096259752953
217,"Gymnura_australis","Gymnura australis",38.0214054830704,98.3525568786432
218,"Odontaspis_noronhai","Odontaspis noronhai",37.971694349306,95.651695501256
219,"Acroteriobatus_salalah","Acroteriobatus salalah",37.9633766548762,101.903719966817
220,"Hydrolagus_mitsukurii","Hydrolagus mitsukurii",37.8206878362217,102.523606850542
221,"Torpedo_suessii","Torpedo suessii",37.8094751931254,95.5902940065698
222,"Cephaloscyllium_maculatum","Cephaloscyllium maculatum",37.757184317288,100.474585913609
223,"Mobula_rochebrunei","Mobula rochebrunei",37.7258836646737,104.807150589087
224,"Narcine_ornata","Narcine ornata",37.6727023687437,94.8338525038971
225,"Parascyllium_sparsimaculatum","Parascyllium sparsimaculatum",37.5706790462714,102.086986002626
226,"Rhinochimaera_atlantica","Rhinochimaera atlantica",37.5631196147913,100.706805460217
227,"Mustelus_griseus","Mustelus griseus",37.554826893543,100.046501042581
228,"Glaucostegus_halavi","Glaucostegus halavi",37.5545078795544,98.654459226632
229,"Rhinochimaera_africana","Rhinochimaera africana",37.4934985335867,98.4939682159859
230,"Rhinobatos_productus","Rhinobatos productus",37.4890783453322,102.047782593209
231,"Rhinobatos_leucorhynchus","Rhinobatos leucorhynchus",37.4629597170594,102.457588609879
232,"Heterodontus_omanensis","Heterodontus omanensis",37.3921262203517,105.291705840005
233,"Anacanthobatis_longirostris","Anacanthobatis longirostris",37.3877869637309,97.559952929379
234,"Squatina_aculeata","Squatina aculeata",37.325362280672,100.839946190222
235,"Neoharriotta_pumila","Neoharriotta pumila",37.3017688742133,99.5039329833269
236,"Rhinoptera_bonasus","Rhinoptera bonasus",37.299079885141,98.8903800851068
237,"Somniosus_rostratus","Somniosus rostratus",37.2099137135301,106.219417574921
238,"Squalus_megalops","Squalus megalops",37.2028537248789,103.132896395217
239,"Asymbolus_funebris","Asymbolus funebris",37.0862647721982,103.82447762114
240,"Carcharhinus_signatus","Carcharhinus signatus",37.0837180588123,102.182434987777
241,"Callorhinchus_callorynchus","Callorhinchus callorynchus",37.0656389149556,92.0030671792434
242,"Parmaturus_lanatus","Parmaturus lanatus",36.8441805819383,100.959887196362
243,"Mustelus_mangalorensis","Mustelus mangalorensis",36.7647018817836,102.806255681638
244,"Squatina_argentina","Squatina argentina",36.7297316961982,91.509560577963
245,"Gymnura_zonura","Gymnura zonura",36.6908829970944,105.7238023903
246,"Heterodontus_japonicus","Heterodontus japonicus",36.6411195636165,103.102211303999
247,"Okamejei_powelli","Okamejei powelli",36.590591514345,101.811742338793
248,"Rhinobatos_lentiginosus","Rhinobatos lentiginosus",36.5450609727969,103.484703444104
249,"Sphyrna_lewini","Sphyrna lewini",36.4734425240318,96.8432746767309
250,"Etmopterus_gracilispinis","Etmopterus gracilispinis",36.3870956602479,97.0221208097705
251,"Etmopterus_bigelowi","Etmopterus bigelowi",36.3766463901998,104.489077528902
252,"Scylliogaleus_quecketti","Scylliogaleus quecketti",36.3031590211664,100.913684223081
253,"Paratrygon_aiereba","Paratrygon aiereba",36.2635304490069,98.385801434384
254,"Scyliorhinus_hesperius","Scyliorhinus hesperius",36.2058557116922,94.0959178760108
255,"Hexanchus_griseus","Hexanchus griseus",36.1901829819552,106.337284534893
256,"Gymnura_bimaculata","Gymnura bimaculata",36.1603082288963,105.228596375545
257,"Rhincodon_typus","Rhincodon typus",36.1389780707327,97.2634751489419
258,"Triakis_megalopterus","Triakis megalopterus",36.0444371857662,100.239976249119
259,"Torpedo_semipelagica","Torpedo semipelagica",35.98630947808,98.4678254074804
260,"Dasyatis_dipterura","Dasyatis dipterura",35.9689101717818,98.7424847685417
261,"Negaprion_acutidens","Negaprion acutidens",35.8581708646964,96.1622447043513
262,"Halaelurus_boesemani","Halaelurus boesemani",35.7382196791717,97.8952063457212
263,"Hydrolagus_africanus","Hydrolagus africanus",35.7009840674935,102.742992241669
264,"Etmopterus_pusillus","Etmopterus pusillus",35.699334414569,101.293552031301
265,"Squaliolus_aliae","Squaliolus aliae",35.6640064433435,96.4723061724323
266,"Aulohalaelurus_kanakorum","Aulohalaelurus kanakorum",35.5594310555932,95.7735143056553
267,"Etmopterus_schultzi","Etmopterus schultzi",35.4716306590703,96.976893507849
268,"Myliobatis_chilensis","Myliobatis chilensis",35.4079651972026,99.2677077615744
269,"Gurgesiella_furvescens","Gurgesiella furvescens",35.3817058493816,104.473501240202
270,"Rhinoptera_jayakari","Rhinoptera jayakari",35.3699906610028,99.5155519749113
271,"Deania_hystricosa","Deania hystricosa",35.3657209595982,101.356506791238
272,"Etmopterus_lucifer","Etmopterus lucifer",35.3613487751829,101.350034977053
273,"Aulohalaelurus_labiosus","Aulohalaelurus labiosus",35.3611343208428,96.8923179451963
274,"Narcine_prodorsalis","Narcine prodorsalis",35.3114552401412,94.9927649108621
275,"Nebrius_ferrugineus","Nebrius ferrugineus",35.2111043499846,96.0218827286135
276,"Negaprion_brevirostris","Negaprion brevirostris",35.2096815003907,96.8052065739966
277,"Hydrolagus_novaezealandiae","Hydrolagus novaezealandiae",35.1869250655641,98.8163614161039
278,"Galeus_antillensis","Galeus antillensis",35.1796829896038,108.306827891977
279,"Pastinachus_solocirostris","Pastinachus solocirostris",35.1170151157232,99.8341988652148
280,"Schroederichthys_maculatus","Schroederichthys maculatus",35.0253206619516,100.405795575818
281,"Cephaloscyllium_sufflans","Cephaloscyllium sufflans",34.7878126065569,97.0641933948585
282,"Urobatis_tumbesensis","Urobatis tumbesensis",34.744036415023,96.4561879111819
283,"Hexanchus_nakamurai","Hexanchus nakamurai",34.7373998562278,103.556765487843
284,"Urogymnus_asperrimus","Urogymnus asperrimus",34.6927358928977,102.047550177514
285,"Dasyatis_colarensis","Dasyatis colarensis",34.6689826065872,100.191987332973
286,"Hydrolagus_melanophasma","Hydrolagus melanophasma",34.6383591116427,97.8143055543745
287,"Dasyatis_margarita","Dasyatis margarita",34.561295364779,97.1457826232495
288,"Pastinachus_stellurostris","Pastinachus stellurostris",34.4781095247764,98.6476543000336
289,"Heteroscymnoides_marleyi","Heteroscymnoides marleyi",34.4457739470508,95.2245388597166
290,"Rhinoptera_steindachneri","Rhinoptera steindachneri",34.4415681394168,98.1464114763462
291,"Apristurus_internatus","Apristurus internatus",34.3275617140258,104.204645062426
292,"Carcharhinus_amblyrhynchos","Carcharhinus amblyrhynchos",34.283989170042,101.238392991142
293,"Dasyatis_chrysonota","Dasyatis chrysonota",34.2643143376613,98.5077899277736
294,"Mobula_diabolus","Mobula diabolus",34.2201130196836,106.183065095497
295,"Halaelurus_lineatus","Halaelurus lineatus",34.2177218680619,102.424613091996
296,"Sinobatis_bulbicauda","Sinobatis bulbicauda",34.2139752334844,96.0705418226873
297,"Squalus_bucephalus","Squalus bucephalus",34.1654438559217,105.741021129046
298,"Orectolobus_reticulatus","Orectolobus reticulatus",34.1194156657096,100.159498777721
299,"Sinobatis_filicauda","Sinobatis filicauda",34.0943928758896,97.4816309016862
300,"Carcharhinus_fitzroyensis","Carcharhinus fitzroyensis",34.0295970288824,98.3667910316064
301,"Hydrolagus_mccoskeri","Hydrolagus mccoskeri",33.9773860786845,102.958137149997
302,"Stegostoma_fasciatum","Stegostoma fasciatum",33.9214560375627,95.4345744697916
303,"Harriotta_haeckeli","Harriotta haeckeli",33.8672672573422,99.9805240171828
304,"Dipturus_oculus","Dipturus oculus",33.7903773949463,99.5643129850398
305,"Raja_inornata","Raja inornata",33.7528840656246,97.8449528184851
306,"Pteromylaeus_bovinus","Pteromylaeus bovinus",33.7131702300922,96.3052846161222
307,"Apristurus_macrorhynchus","Apristurus macrorhynchus",33.658931432082,101.747960215439
308,"Halaelurus_natalensis","Halaelurus natalensis",33.6099579114352,103.174598542153
309,"Centrophorus_granulosus","Centrophorus granulosus",33.4434619001292,104.563532942479
310,"Scymnodalatias_albicauda","Scymnodalatias albicauda",33.3919177013865,97.5595358357322
311,"Acroteriobatus_ocellatus","Acroteriobatus ocellatus",33.3729470495343,95.3019222412203
312,"Urobatis_jamaicensis","Urobatis jamaicensis",33.3498707555715,96.983012979621
313,"Urogymnus_ukpam","Urogymnus ukpam",33.3042167662816,99.663988465446
314,"Ginglymostoma_cirratum","Ginglymostoma cirratum",33.2731119989225,94.6706472171024
315,"Harriotta_raleighana","Harriotta raleighana",33.270204815156,97.3344962425645
316,"Rhinobatos_horkelii","Rhinobatos horkelii",33.1947364325932,101.219549570255
317,"Centrophorus_tessellatus","Centrophorus tessellatus",33.1892695809383,103.928706066382
318,"Etmopterus_hillianus","Etmopterus hillianus",33.1759318330323,100.112736797251
319,"Scymnodalatias_sherwoodi","Scymnodalatias sherwoodi",33.0284852856458,99.4472036084597
320,"Ctenacis_fehlmanni","Ctenacis fehlmanni",33.0033124958392,96.275696337669
321,"Acroteriobatus_zanzibarensis","Acroteriobatus zanzibarensis",32.9763339040229,99.4351710888018
322,"Dasyatis_pastinaca","Dasyatis pastinaca",32.9748614704939,99.6922189574239
323,"Pteromylaeus_asperrimus","Pteromylaeus asperrimus",32.9379355794057,96.9297983936202
324,"Myliobatis_aquila","Myliobatis aquila",32.8898822095933,96.5167162711707
325,"Orectolobus_floridus","Orectolobus floridus",32.8556132023567,96.6870141981814
326,"Asymbolus_pallidus","Asymbolus pallidus",32.8244020291064,108.498164628839
327,"Dasyatis_rudis","Dasyatis rudis",32.7233623067387,95.8602522362678
328,"Apristurus_japonicus","Apristurus japonicus",32.6505259989458,104.551481645719
329,"Deania_calcea","Deania calcea",32.5154314410756,101.02543239541
330,"Cirrhoscyllium_japonicum","Cirrhoscyllium japonicum",32.4987147407338,100.101214263059
331,"Myliobatis_longirostris","Myliobatis longirostris",32.4964569893204,104.061651303064
332,"Hydrolagus_bemisi","Hydrolagus bemisi",32.4839397369272,102.642189032983
333,"Rioraja_agassizii","Rioraja agassizii",32.371150076753,97.2585988269826
334,"Trygonoptera_imitata","Trygonoptera imitata",32.3653497443621,97.3591228982691
335,"Chimaera_panthera","Chimaera panthera",32.2079242811068,97.8006091383098
336,"Acroteriobatus_blochii","Acroteriobatus blochii",32.1799849547519,102.784373991852
337,"Hydrolagus_pallidus","Hydrolagus pallidus",32.1677012886136,95.834159064996
338,"Orectolobus_maculatus","Orectolobus maculatus",32.1402496749306,103.491052035051
339,"Pristiophorus_nudipinnis","Pristiophorus nudipinnis",32.1337921798686,98.3405878596388
340,"Discopyge_castelloi","Discopyge castelloi",32.0030202704207,92.9079127114434
341,"Diplobatis_colombiensis","Diplobatis colombiensis",31.9713659155178,93.8267745697507
342,"Rhinobatos_sainsburyi","Rhinobatos sainsburyi",31.9317135220111,107.212379054603
343,"Potamotrygon_constellata","Potamotrygon constellata",31.8660802851174,99.74760449517
344,"Narcine_entemedor","Narcine entemedor",31.8612666445571,94.0809763147792
345,"Centroscymnus_owstonii","Centroscymnus owstonii",31.841583713399,96.2127723849415
346,"Oxynotus_bruniensis","Oxynotus bruniensis",31.8270627018324,96.8277482323789
347,"Narcine_bicolor","Narcine bicolor",31.7931966228878,95.0916867943019
348,"Myliobatis_freminvillei","Myliobatis freminvillei",31.7766009614958,102.611226518367
349,"Manta_birostris","Manta birostris",31.7662469742383,107.57937286025
350,"Lamiopsis_temminckii","Lamiopsis temminckii",31.7656253018093,101.993699526685
351,"Hydrolagus_matallanasi","Hydrolagus matallanasi",31.6790530703211,97.0086627206498
352,"Schroederichthys_chilensis","Schroederichthys chilensis",31.6523468584952,95.4340445150491
353,"Galeus_murinus","Galeus murinus",31.6462175844082,104.241798705346
354,"Trygonoptera_mucosa","Trygonoptera mucosa",31.6166023135312,95.4215667510657
355,"Rhinobatos_percellens","Rhinobatos percellens",31.5406492839868,108.35687019373
356,"Oxynotus_paradoxus","Oxynotus paradoxus",31.525004018182,94.4878192551124
357,"Mobula_mobular","Mobula mobular",31.5154158140435,101.53121697278
358,"Discopyge_tschudii","Discopyge tschudii",31.4404245417136,91.916677288935
359,"Scoliodon_laticaudus","Scoliodon laticaudus",31.4308887968653,100.786979898991
360,"Lamiopsis_tephrodes","Lamiopsis tephrodes",31.3906582528555,100.89961434934
361,"Etmopterus_virens","Etmopterus virens",31.3312962571145,99.7069519292815
362,"Heteronarce_garmani","Heteronarce garmani",31.2980471785249,93.4709480610475
363,"Schroederichthys_saurisqualus","Schroederichthys saurisqualus",31.2334013773993,94.5140877101318
364,"Proscyllium_venustum","Proscyllium venustum",31.0910071469193,101.105027396928
365,"Leucoraja_circularis","Leucoraja circularis",31.0865557943117,100.25149336385
366,"Himantura_uarnacoides","Himantura uarnacoides",31.0852715510943,103.689283812736
367,"Heterodontus_zebra","Heterodontus zebra",31.0743381979216,94.3561497382343
368,"Pristiophorus_schroederi","Pristiophorus schroederi",31.0350428510543,97.2683478235699
369,"Squalus_griffini","Squalus griffini",30.954212535355,109.601487267546
370,"Proscyllium_magnificum","Proscyllium magnificum",30.8423089424425,100.020531686638
371,"Hydrolagus_colliei","Hydrolagus colliei",30.8114606244307,98.1291645806878
372,"Orectolobus_japonicus","Orectolobus japonicus",30.8055610393735,102.099236828803
373,"Fenestraja_ishiyamai","Fenestraja ishiyamai",30.7985835448915,104.897891637424
374,"Dasyatis_say","Dasyatis say",30.7764578146344,101.169958087096
375,"Narcine_nelsoni","Narcine nelsoni",30.7183260116959,94.6862692275155
376,"Carcharhinus_porosus","Carcharhinus porosus",30.6782693663597,97.8578852629364
377,"Etmopterus_polli","Etmopterus polli",30.6749906287906,96.5344886206379
378,"Heterodontus_quoyi","Heterodontus quoyi",30.6250924302778,93.8673418028227
379,"Benthobatis_moresbyi","Benthobatis moresbyi",30.622239974509,96.2197648914861
380,"Gymnura_marmorata","Gymnura marmorata",30.5016708397739,101.133498958061
381,"Urolophus_bucculentus","Urolophus bucculentus",30.3952336948769,97.002766933101
382,"Asymbolus_galacticus","Asymbolus galacticus",30.392308865233,104.562821204104
383,"Dasyatis_acutirostra","Dasyatis acutirostra",30.3783073278885,98.6861888509435
384,"Cephalurus_cephalus","Cephalurus cephalus",30.295869495177,97.7973003461946
385,"Chimaera_opalescens","Chimaera opalescens",30.275742914706,101.185929528244
386,"Cephaloscyllium_silasi","Cephaloscyllium silasi",30.2115531697456,101.89122892157
387,"Rhinobatos_punctifer","Rhinobatos punctifer",30.1950545037711,102.942152127399
388,"Etmopterus_sheikoi","Etmopterus sheikoi",30.1904764434151,103.363988340024
389,"Himantura_oxyrhyncha","Himantura oxyrhyncha",30.09762176162,93.5100190167057
390,"Scoliodon_macrorhynchos","Scoliodon macrorhynchos",30.0631976807309,100.479481905545
391,"Galeus_longirostris","Galeus longirostris",30.0414852419825,100.135706328126
392,"Atlantoraja_castelnaui","Atlantoraja castelnaui",30.0404989390452,98.14062406978
393,"Cruriraja_poeyi","Cruriraja poeyi",30.0314140247524,104.841108945584
394,"Dasyatis_laevigata","Dasyatis laevigata",30.02364711846,101.949587704679
395,"Apristurus_gibbosus","Apristurus gibbosus",29.9773893313944,99.0137756716673
396,"Halaelurus_quagga","Halaelurus quagga",29.8995964973671,99.7112387818916
397,"Manta_alfredi","Manta alfredi",29.8867781834534,106.357921803982
398,"Etmopterus_evansi","Etmopterus evansi",29.8340837529879,95.4718437929952
399,"Paragaleus_tengi","Paragaleus tengi",29.7941166118966,106.396928413012
400,"Beringraja_binoculata","Beringraja binoculata",29.7610805073816,98.4652749915922
401,"Gymnura_crebripunctata","Gymnura crebripunctata",29.7554386598552,100.974118525256
402,"Rhizoprionodon_taylori","Rhizoprionodon taylori",29.7120740323032,102.781076754464
403,"Isistius_labialis","Isistius labialis",29.6995791940072,99.5892179327132
404,"Etmopterus_molleri","Etmopterus molleri",29.6240308715809,103.772997789092
405,"Pristiophorus_delicatus","Pristiophorus delicatus",29.6110456089026,97.0552201240919
406,"Apristurus_nasutus","Apristurus nasutus",29.5925160773755,102.973985300648
407,"Isistius_brasiliensis","Isistius brasiliensis",29.5675035039876,99.1811739526606
408,"Glaucostegus_cemiculus","Glaucostegus cemiculus",29.5556548007317,102.161403649674
409,"Diplobatis_pictus","Diplobatis pictus",29.5215956637344,93.1123667305143
410,"Atelomycterus_marnkalha","Atelomycterus marnkalha",29.494790326071,97.4080161648716
411,"Rhizoprionodon_oligolinx","Rhizoprionodon oligolinx",29.4788951971828,101.810021004644
412,"Euprotomicrus_bispinatus","Euprotomicrus bispinatus",29.4476193242969,96.7600431425912
413,"Beringraja_pulchra","Beringraja pulchra",29.3999009328942,100.197508716124
414,"Rajella_bathyphila","Rajella bathyphila",29.3867874606017,92.9388885809226
415,"Myliobatis_peruvianus","Myliobatis peruvianus",29.3790988175401,101.466078010394
416,"Squatina_australis","Squatina australis",29.3774134090905,100.538137857497
417,"Himantura_signifer","Himantura signifer",29.3734323981002,95.0273962385799
418,"Halaelurus_maculosus","Halaelurus maculosus",29.3690681105488,101.983008576637
419,"Urolophus_flavomosaicus","Urolophus flavomosaicus",29.3048916598757,95.0880722933279
420,"Diplobatis_ommata","Diplobatis ommata",29.3000989582788,92.9703256333796
421,"Urotrygon_rogersi","Urotrygon rogersi",29.2953908560993,100.978625624204
422,"Irolita_waitii","Irolita waitii",29.2901656023574,100.309300428849
423,"Cirrhoscyllium_formosanum","Cirrhoscyllium formosanum",29.2853834582756,107.279600478541
424,"Isistius_plutodus","Isistius plutodus",29.1435077458985,96.7441912079376
425,"Pristiophorus_nancyae","Pristiophorus nancyae",29.0838375244645,96.9216417140188
426,"Sphyrna_corona","Sphyrna corona",29.0724427068751,98.684975401817
427,"Gurgesiella_dorsalifera","Gurgesiella dorsalifera",29.0513114260685,102.516756268456
428,"Gymnura_natalensis","Gymnura natalensis",29.0294105693704,100.641032211831
429,"Squatina_oculata","Squatina oculata",29.0167178037071,99.5645525099761
430,"Myliobatis_tenuicaudatus","Myliobatis tenuicaudatus",28.8974078718983,104.496505359721
431,"Atelomycterus_fasciatus","Atelomycterus fasciatus",28.8871004536174,98.5068860427552
432,"Atelomycterus_macleayi","Atelomycterus macleayi",28.831925586141,96.746590179605
433,"Dasyatis_izuensis","Dasyatis izuensis",28.8215722467935,102.705614377859
434,"Euprotomicroides_zantedeschia","Euprotomicroides zantedeschia",28.8014670606843,95.9692193033521
435,"Apristurus_stenseni","Apristurus stenseni",28.7809192818876,97.8070314547734
436,"Mobula_munkiana","Mobula munkiana",28.78038499324,103.829165412773
437,"Gurgesiella_atlantica","Gurgesiella atlantica",28.7481398071169,102.672274956192
438,"Torpedo_panthera","Torpedo panthera",28.7366465206963,93.7499337707753
439,"Urolophus_aurantiacus","Urolophus aurantiacus",28.7119193453019,96.6386656935654
440,"Carcharhinus_perezii","Carcharhinus perezii",28.7036440357732,94.8610647823037
441,"Hydrolagus_eidolon","Hydrolagus eidolon",28.6999750464372,100.92101783939
442,"Cirrhoscyllium_expolitum","Cirrhoscyllium expolitum",28.6899516197592,106.533918696803
443,"Dipturus_melanospilus","Dipturus melanospilus",28.6693535395122,97.0172787087849
444,"Rhynchobatus_luebberti","Rhynchobatus luebberti",28.6099896951022,103.608370588256
445,"Mustelus_punctulatus","Mustelus punctulatus",28.5913935802512,98.4517437256918
446,"Hydrolagus_lusitanicus","Hydrolagus lusitanicus",28.5616966530313,104.520053263014
447,"Hydrolagus_marmoratus","Hydrolagus marmoratus",28.5616294397561,100.620938628489
448,"Scyliorhinus_besnardi","Scyliorhinus besnardi",28.5431939859122,98.9028049781142
449,"Glyphis_sp.1","Glyphis sp.1",28.5315498872349,96.4645006790581
450,"Mustelus_minicanis","Mustelus minicanis",28.5011962235444,99.9266905852972
451,"Hydrolagus_barbouri","Hydrolagus barbouri",28.3593182906139,98.8537112861607
452,"Rhizoprionodon_acutus","Rhizoprionodon acutus",28.3378712332301,100.393797266332
453,"Poroderma_africanum","Poroderma africanum",28.3239388527362,99.568728817575
454,"Irolita_westraliensis","Irolita westraliensis",28.2811701996861,102.159020374669
455,"Squatina_tergocellatoides","Squatina tergocellatoides",28.262726380352,96.8738355399004
456,"Chiloscyllium_burmensis","Chiloscyllium burmensis",28.2069308155732,102.811347639084
457,"Apristurus_australis","Apristurus australis",28.1905981405446,96.519664700864
458,"Okamejei_acutispina","Okamejei acutispina",28.1395486186814,104.243832670486
459,"Apristurus_riveri","Apristurus riveri",28.1332250857324,96.3075208610826
460,"Mobula_thurstoni","Mobula thurstoni",28.1246255787065,103.619979860119
461,"Apristurus_longicephalus","Apristurus longicephalus",28.0820974846441,100.705005796769
462,"Squalus_altipinnis","Squalus altipinnis",28.066380983441,108.713278462653
463,"Hemiscyllium_galei","Hemiscyllium galei",28.0047496108661,106.306946950063
464,"Squatina_occulta","Squatina occulta",27.9673224793798,96.0146515961148
465,"Brochiraja_microspinifera","Brochiraja microspinifera",27.9385503812881,106.009661974683
466,"Holohalaelurus_grennian","Holohalaelurus grennian",27.9047161653309,100.418959452551
467,"Mobula_kuhlii","Mobula kuhlii",27.8648104257979,102.760557892924
468,"Cruriraja_rugosa","Cruriraja rugosa",27.8488867659181,106.346282021047
469,"Himantura_gerrardi","Himantura gerrardi",27.8442192311434,99.1325131958248
470,"Hydrolagus_homonycteris","Hydrolagus homonycteris",27.8173859282039,97.7320567992039
471,"Rhinoptera_hainanensis","Rhinoptera hainanensis",27.8099704490713,101.964192992455
472,"Poroderma_pantherinum","Poroderma pantherinum",27.7527543190798,98.1447442580995
473,"Eridacnis_barbouri","Eridacnis barbouri",27.7480456336926,97.6392494332952
474,"Torpedo_peruana","Torpedo peruana",27.6919562692366,91.9630203342701
475,"Carcharhinus_hemiodon","Carcharhinus hemiodon",27.6757653282865,100.051395755607
476,"Squatina_guggenheim","Squatina guggenheim",27.6644591025452,100.606238923343
477,"Urolophus_kaianus","Urolophus kaianus",27.6532560591858,95.2109669447029
478,"Chimaera_argiloba","Chimaera argiloba",27.6522145184066,97.3708017505594
479,"Mobula_hypostoma","Mobula hypostoma",27.5819192625679,102.715279417445
480,"Okamejei_heemstrai","Okamejei heemstrai",27.5664045961383,103.875958409555
481,"Etmopterus_brachyurus","Etmopterus brachyurus",27.5605342673386,106.408957390265
482,"Etmopterus_dislineatus","Etmopterus dislineatus",27.551141705914,105.429891890416
483,"Neoraja_stehmanni","Neoraja stehmanni",27.5505250947243,103.063007154151
484,"Scyliorhinus_stellaris","Scyliorhinus stellaris",27.534262905271,104.752940303464
485,"Scyliorhinus_torazame","Scyliorhinus torazame",27.5327574976642,95.3012160795631
486,"Somniosus_microcephalus","Somniosus microcephalus",27.5286386985368,104.321809286994
487,"Okamejei_porosa","Okamejei porosa",27.5048605450857,100.365476042884
488,"Chimaera_owstoni","Chimaera owstoni",27.4976921887039,100.855658777518
489,"Bythaelurus_giddingsi","Bythaelurus giddingsi",27.4803340321071,108.45165888894
490,"Squatina_legnota","Squatina legnota",27.4301038972829,97.7155993718263
491,"Okamejei_pita","Okamejei pita",27.422867727235,95.4661049385046
492,"Squatina_nebulosa","Squatina nebulosa",27.4126611389633,91.9966856059187
493,"Himantura_hortlei","Himantura hortlei",27.3983953425447,97.9557978886957
494,"Apristurus_laurussonii","Apristurus laurussonii",27.3905184196614,103.879047325295
495,"Urotrygon_reticulata","Urotrygon reticulata",27.3762781609299,96.3281071402488
496,"Cephaloscyllium_pardelotum","Cephaloscyllium pardelotum",27.3397203728265,98.3401857974178
497,"Etmopterus_joungi","Etmopterus joungi",27.3377828124968,102.616322868594
498,"Squalus_acanthias","Squalus acanthias",27.3349396075126,106.211170541576
499,"Glaucostegus_granulatus","Glaucostegus granulatus",27.3246456845241,97.8731326465354
500,"Cephaloscyllium_speccum","Cephaloscyllium speccum",27.3199451942643,100.109257707757
501,"Leucoraja_compagnoi","Leucoraja compagnoi",27.3060113264731,101.338570909826
502,"Haploblepharus_edwardsii","Haploblepharus edwardsii",27.281037401051,104.478641289304
503,"Urotrygon_aspidura","Urotrygon aspidura",27.2698999490932,100.189269442844
504,"Etmopterus_splendidus","Etmopterus splendidus",27.251037700079,98.8145330216559
505,"Centrophorus_isodon","Centrophorus isodon",27.2063731321502,105.124992510977
506,"Himantura_leoparda","Himantura leoparda",27.2012212871026,97.1634750572241
507,"Urobatis_concentricus","Urobatis concentricus",27.1904404785727,100.022837591958
508,"Chimaera_fulva","Chimaera fulva",27.1212358196934,99.9578467217438
509,"Cruriraja_andamanica","Cruriraja andamanica",27.0505401016751,96.0492241137106
510,"Bythaelurus_alcockii","Bythaelurus alcockii",27.0490304637284,106.036098492104
511,"Narcine_oculifera","Narcine oculifera",27.0171979555506,99.7439230131827
512,"Carcharhinus_amboinensis","Carcharhinus amboinensis",26.9887759425348,99.2925930267638
513,"Scyliorhinus_canicula","Scyliorhinus canicula",26.9669009857522,99.0170651960766
514,"Fenestraja_mamillidens","Fenestraja mamillidens",26.9628373163852,104.449298498223
515,"Carcharhinus_brachyurus","Carcharhinus brachyurus",26.9599014062155,97.2510302311349
516,"Carcharhinus_macloti","Carcharhinus macloti",26.94328069779,99.7795462185389
517,"Carcharhinus_brevipinna","Carcharhinus brevipinna",26.9410601859092,99.2622478101784
518,"Squatina_formosa","Squatina formosa",26.9056730274036,95.3793341375922
519,"Narcine_atzi","Narcine atzi",26.844000416548,98.8631706438058
520,"Apristurus_spongiceps","Apristurus spongiceps",26.8016613571332,102.613548686936
521,"Atlantoraja_platana","Atlantoraja platana",26.7535162262343,100.545750828791
522,"Mustelus_norrisi","Mustelus norrisi",26.6769552656838,99.5661285628146
523,"Carcharhinus_borneensis","Carcharhinus borneensis",26.6472322589177,100.156061044704
524,"Potamotrygon_tatianae","Potamotrygon tatianae",26.6313033114688,100.52085381434
525,"Galeus_mincaronei","Galeus mincaronei",26.6177413823098,102.480554681447
526,"Etmopterus_viator","Etmopterus viator",26.5770102966198,103.445246150924
527,"Etmopterus_compagnoi","Etmopterus compagnoi",26.5145246918393,99.3609132844008
528,"Rhizoprionodon_lalandii","Rhizoprionodon lalandii",26.4717332570104,99.396988160039
529,"Etmopterus_burgessi","Etmopterus burgessi",26.420835185092,97.6814473423262
530,"Rhynchobatus_palpebratus","Rhynchobatus palpebratus",26.3811260124395,104.675950372064
531,"Sympterygia_brevicaudata","Sympterygia brevicaudata",26.3672527195052,104.298568489231
532,"Atlantoraja_cyclophora","Atlantoraja cyclophora",26.3598977014205,94.6759135225008
533,"Urobatis_maculatus","Urobatis maculatus",26.3459286657436,98.5510753255439
534,"Potamotrygon_schuemacheri","Potamotrygon schuemacheri",26.3363755146001,98.2461062286691
535,"Cruriraja_cadenati","Cruriraja cadenati",26.3282484790959,95.4272397834211
536,"Himantura_randalli","Himantura randalli",26.2937783856304,102.717558271445
537,"Etmopterus_fusus","Etmopterus fusus",26.2826600510275,99.9481674334278
538,"Raja_asterias","Raja asterias",26.2537737460636,103.763893775016
539,"Apristurus_herklotsi","Apristurus herklotsi",26.1834000926495,102.726474169856
540,"Myliobatis_goodei","Myliobatis goodei",26.110076693516,97.5335542821907
541,"Rhinobatos_rhinobatos","Rhinobatos rhinobatos",26.1095736131838,97.8208453248071
542,"Cephaloscyllium_cooki","Cephaloscyllium cooki",26.1091948840491,97.3449198131323
543,"Bythaelurus_hispidus","Bythaelurus hispidus",26.099033469492,103.120475104682
544,"Himantura_jenkinsii","Himantura jenkinsii",26.0604575439177,101.84596465422
545,"Hemiscyllium_henryi","Hemiscyllium henryi",26.0402243741475,107.232003380803
546,"Sympterygia_bonapartii","Sympterygia bonapartii",25.9909242835237,100.744264555674
547,"Rhizoprionodon_longurio","Rhizoprionodon longurio",25.990922936821,100.322923732443
548,"Breviraja_nigriventralis","Breviraja nigriventralis",25.9714686567877,101.898496554981
549,"Pastinachus_atrus","Pastinachus atrus",25.940942570077,99.1190099381991
550,"Neotrygon_leylandi","Neotrygon leylandi",25.931775326501,101.461992084505
551,"Mobula_tarapacana","Mobula tarapacana",25.9272727461722,101.893894341195
552,"Squalus_notocaudatus","Squalus notocaudatus",25.9005690192933,108.484146439359
553,"Centrophorus_harrissoni","Centrophorus harrissoni",25.845093978108,104.41068213287
554,"Okamejei_leptoura","Okamejei leptoura",25.8252894338907,98.9819383760961
555,"Sphyrna_tiburo","Sphyrna tiburo",25.8088139247341,98.3697757455444
556,"Rhynchobatus_australiae","Rhynchobatus australiae",25.7844332947963,105.292287049787
557,"Benthobatis_kreffti","Benthobatis kreffti",25.7790806520888,97.1199150380037
558,"Centrophorus_seychellorum","Centrophorus seychellorum",25.775472597903,102.253268479258
559,"Hemiscyllium_trispeculare","Hemiscyllium trispeculare",25.7750601535393,109.140028600487
560,"Leucoraja_pristispina","Leucoraja pristispina",25.7241780016018,100.992441963164
561,"Parascyllium_collare","Parascyllium collare",25.660964088959,93.9630078866334
562,"Glaucostegus_typus","Glaucostegus typus",25.6559655129328,104.21737443449
563,"Pastinachus_sephen","Pastinachus sephen",25.6070933898486,98.3905773345978
564,"Squalus_suckleyi","Squalus suckleyi",25.5923071314073,108.241621235459
565,"Heliotrygon_gomesi","Heliotrygon gomesi",25.5693156073518,97.7648633269343
566,"Myliobatis_australis","Myliobatis australis",25.5668624050625,97.7746439181602
567,"Dasyatis_gigantea","Dasyatis gigantea",25.5538431515569,100.793199280807
568,"Dasyatis_geijskesi","Dasyatis geijskesi",25.536566700718,101.182218154222
569,"Mustelus_schmitti","Mustelus schmitti",25.5334940151776,104.590617895211
570,"Apristurus_micropterygeus","Apristurus micropterygeus",25.512347670829,103.378200119193
571,"Leucoraja_caribbaea","Leucoraja caribbaea",25.4385926625787,102.336848084846
572,"Squatina_californica","Squatina californica",25.4279799019692,100.93538343115
573,"Apristurus_brunneus","Apristurus brunneus",25.3933513467227,103.149442731553
574,"Leucoraja_garmani","Leucoraja garmani",25.3685410771007,103.258608493568
575,"Benthobatis_yangi","Benthobatis yangi",25.3442677610022,96.1187101572416
576,"Pastinachus_gracilicaudus","Pastinachus gracilicaudus",25.3416425113692,98.2687554592975
577,"Rhinobatos_prahli","Rhinobatos prahli",25.331834813363,98.9828237697883
578,"Rhynchobatus_djiddensis","Rhynchobatus djiddensis",25.2715571903655,104.011396095182
579,"Mobula_japanica","Mobula japanica",25.1868425587895,100.213791005186
580,"Apristurus_sibogae","Apristurus sibogae",25.1473371127592,102.580073183006
581,"Orectolobus_halei","Orectolobus halei",25.1236157126518,98.3926458145031
582,"Centrophorus_moluccensis","Centrophorus moluccensis",25.0699733387499,104.333338106564
583,"Scyliorhinus_comoroensis","Scyliorhinus comoroensis",25.068986123812,101.361117626927
584,"Potamotrygon_hystrix","Potamotrygon hystrix",25.0583907594163,99.0980810575846
585,"Potamotrygon_magdalenae","Potamotrygon magdalenae",25.0263552745403,98.645433503161
586,"Mustelus_californicus","Mustelus californicus",25.0112946292914,104.904457759374
587,"Orectolobus_leptolineatus","Orectolobus leptolineatus",24.9982469640652,102.271101608064
588,"Glyphis_glyphis","Glyphis glyphis",24.9464909993093,98.1284324080116
589,"Dasyatis_ushiei","Dasyatis ushiei",24.8920783039158,98.6851875562855
590,"Leucoraja_lentiginosa","Leucoraja lentiginosa",24.8803114037658,95.1515256444917
591,"Okamejei_arafurensis","Okamejei arafurensis",24.8729201363768,99.3885226582562
592,"Hydrolagus_ogilbyi","Hydrolagus ogilbyi",24.8390134738507,101.009070872625
593,"Sphyrna_tudes","Sphyrna tudes",24.8068962649855,98.5973802131908
594,"Squalus_brevirostris","Squalus brevirostris",24.793322055253,102.367523892565
595,"Pseudoraja_fischeri","Pseudoraja fischeri",24.7570049826586,105.500167241674
596,"Anacanthobatis_folirostris","Anacanthobatis folirostris",24.7520018943133,99.1321320821189
597,"Bathyraja_richardsoni","Bathyraja richardsoni",24.7203414884135,101.939412443632
598,"Carcharhinus_melanopterus","Carcharhinus melanopterus",24.6964930713857,100.60596086553
599,"Apristurus_profundorum","Apristurus profundorum",24.6813422653845,98.5710093084853
600,"Hydrolagus_lemures","Hydrolagus lemures",24.6287103801054,100.628103415515
601,"Squatina_dumeril","Squatina dumeril",24.5664655105344,101.195136705101
602,"Torpedo_microdiscus","Torpedo microdiscus",24.5545140935342,99.5594172552126
603,"Raja_montagui","Raja montagui",24.5083165535267,105.48023970125
604,"Sphyrna_media","Sphyrna media",24.4706044360375,98.2379615749115
605,"Heliotrygon_rosai","Heliotrygon rosai",24.4555826592182,97.910543134302
606,"Raja_velezi","Raja velezi",24.4550982788593,94.883218313682
607,"Etmopterus_decacuspidatus","Etmopterus decacuspidatus",24.4025158209523,101.8868096229
608,"Rhinobatos_nudidorsalis","Rhinobatos nudidorsalis",24.3796312723251,104.479962768102
609,"Dasyatis_americana","Dasyatis americana",24.3621415371257,101.733133048103
610,"Dasyatis_multispinosa","Dasyatis multispinosa",24.3481320874117,97.6938640017991
611,"Orectolobus_wardi","Orectolobus wardi",24.2932269179566,100.38494341071
612,"Hemitriakis_falcata","Hemitriakis falcata",24.2782321273074,100.438122882191
613,"Hemitriakis_complicofasciata","Hemitriakis complicofasciata",24.2142486895562,101.338354282112
614,"Galeus_polli","Galeus polli",24.2117632982212,101.362074328959
615,"Etmopterus_caudistigmus","Etmopterus caudistigmus",24.2103452962294,101.762726960198
616,"Carcharhinus_dussumieri","Carcharhinus dussumieri",24.1603258933339,97.4830458359465
617,"Chiloscyllium_arabicum","Chiloscyllium arabicum",24.1475966144394,101.509532277708
618,"Apristurus_pinguis","Apristurus pinguis",24.1076159661342,95.677196289654
619,"Mustelus_walkeri","Mustelus walkeri",24.0857374881626,104.877717083452
620,"Heteronarce_prabhui","Heteronarce prabhui",24.0443250456928,93.8750764427887
621,"Neotrygon_picta","Neotrygon picta",24.040995430332,102.359577515791
622,"Holohalaelurus_melanostigma","Holohalaelurus melanostigma",23.9774821555653,98.2377123682453
623,"Carcharhinus_cautus","Carcharhinus cautus",23.9491092139261,101.391757173469
624,"Somniosus_antarcticus","Somniosus antarcticus",23.9436027390522,103.515784912276
625,"Rajella_ravidula","Rajella ravidula",23.9131402278051,98.8896194837249
626,"Somniosus_pacificus","Somniosus pacificus",23.8538628755487,100.888685578161
627,"Neoraja_carolinensis","Neoraja carolinensis",23.8242505209491,101.582215518234
628,"Triakis_scyllium","Triakis scyllium",23.7836945981091,103.039622748608
629,"Mustelus_canis","Mustelus canis",23.7830944020027,100.704712173375
630,"Himantura_polylepis","Himantura polylepis",23.7721550811309,99.9791911123451
631,"Triakis_maculata","Triakis maculata",23.7705875230415,104.473040879537
632,"Parascyllium_variolatum","Parascyllium variolatum",23.7113214637061,97.3338037321599
633,"Carcharhinus_sealei","Carcharhinus sealei",23.699583121268,98.9347872831825
634,"Neotrygon_annotata","Neotrygon annotata",23.6384514034582,99.9328085295495
635,"Centrophorus_lusitanicus","Centrophorus lusitanicus",23.6115983392696,102.867892677098
636,"Carcharhinus_isodon","Carcharhinus isodon",23.6062466663399,97.6737183283706
637,"Eridacnis_sinuans","Eridacnis sinuans",23.5854540961897,97.9545841943454
638,"Cephaloscyllium_pictum","Cephaloscyllium pictum",23.557961132618,96.3383968966997
639,"Raja_eglanteria","Raja eglanteria",23.5470991350184,93.6100283867148
640,"Malacoraja_obscura","Malacoraja obscura",23.4474747409171,100.711037275509
641,"Eridacnis_radcliffei","Eridacnis radcliffei",23.4101156766155,96.5533756651046
642,"Cruriraja_atlantis","Cruriraja atlantis",23.3942848360727,104.439334646053
643,"Dasyatis_parvonigra","Dasyatis parvonigra",23.3808176737615,102.089133712988
644,"Rhynchobatus_laevis","Rhynchobatus laevis",23.3237022705957,109.062404800762
645,"Arhynchobatis_asperrimus","Arhynchobatis asperrimus",23.3028389866444,104.177377968322
646,"Bathyraja_andriashevi","Bathyraja andriashevi",23.2930248302598,96.3791948666268
647,"Rhinobatos_hynnicephalus","Rhinobatos hynnicephalus",23.2891301997394,104.864528534012
648,"Okamejei_hollandi","Okamejei hollandi",23.2851157092102,102.235735368357
649,"Rajella_barnardi","Rajella barnardi",23.246142900733,96.1298836204651
650,"Malacoraja_kreffti","Malacoraja kreffti",23.2369772358351,104.725681600035
651,"Squalus_crassispinus","Squalus crassispinus",23.2086156812785,103.424257405625
652,"Haploblepharus_pictus","Haploblepharus pictus",23.1552314725957,102.588565399583
653,"Cruriraja_durbanensis","Cruriraja durbanensis",23.1380691789246,104.779463564861
654,"Himantura_granulata","Himantura granulata",23.1346506148269,99.1089972002984
655,"Malacoraja_senta","Malacoraja senta",23.1025384791952,101.169873735499
656,"Leucoraja_erinacea","Leucoraja erinacea",23.0394821858181,96.7498961881169
657,"Scyliorhinus_tokubee","Scyliorhinus tokubee",22.9972157480394,99.7963847986793
658,"Proscymnodon_macracanthus","Proscymnodon macracanthus",22.9896766196889,97.7608944995234
659,"Triakis_acutipinna","Triakis acutipinna",22.9891762409811,102.696203703205
660,"Scyliorhinus_garmani","Scyliorhinus garmani",22.9528806294038,103.623954836354
661,"Haploblepharus_kistnasamyi","Haploblepharus kistnasamyi",22.9434380081541,101.895912631944
662,"Rhynchobatus_springeri","Rhynchobatus springeri",22.9427617859745,108.681349427077
663,"Cephaloscyllium_fasciatum","Cephaloscyllium fasciatum",22.9063882014384,94.6590440455366
664,"Mustelus_lunulatus","Mustelus lunulatus",22.8873889662074,100.819923674629
665,"Raja_stellulata","Raja stellulata",22.8622411132078,98.5344004485841
666,"Rajella_lintea","Rajella lintea",22.7657756245392,101.391961230659
667,"Psammobatis_rudis","Psammobatis rudis",22.7435660660743,108.490836202088
668,"Bythaelurus_lutarius","Bythaelurus lutarius",22.7310732775823,101.102599960056
669,"Proscymnodon_plunketi","Proscymnodon plunketi",22.715368554801,97.7823932872459
670,"Squalus_albifrons","Squalus albifrons",22.7090856889529,105.123690017096
671,"Anacanthobatis_stenosoma","Anacanthobatis stenosoma",22.6300884498856,102.162440623048
672,"Chimaera_monstrosa","Chimaera monstrosa",22.6065922201291,97.9826801446007
673,"Chimaera_macrospina","Chimaera macrospina",22.5867876023126,97.883657055518
674,"Psammobatis_extenta","Psammobatis extenta",22.5698672053295,98.8557681214137
675,"Rajella_nigerrima","Rajella nigerrima",22.5254432698242,102.465602717898
676,"Crassinarke_dormitor","Crassinarke dormitor",22.4395644778136,92.6907167373621
677,"Squatina_albipunctata","Squatina albipunctata",22.3778833814985,99.2903391889157
678,"Rajella_bigelowi","Rajella bigelowi",22.3233628001046,105.984067167192
679,"Breviraja_spinosa","Breviraja spinosa",22.3065807855536,104.407934350592
680,"Raja_rhina","Raja rhina",22.2980288052631,97.7657634892781
681,"Oxynotus_japonicus","Oxynotus japonicus",22.2754686901976,106.288556695461
682,"Malacoraja_spinacidermis","Malacoraja spinacidermis",22.2135784205592,103.385777667272
683,"Squalus_melanurus","Squalus melanurus",22.0675196781238,107.132057715639
684,"Scyliorhinus_cervigoni","Scyliorhinus cervigoni",22.0203953034802,101.469724949511
685,"Oxynotus_centrina","Oxynotus centrina",22.011697989627,105.583841146119
686,"Anacanthobatis_donghaiensis","Anacanthobatis donghaiensis",21.9706913248931,101.441977422535
687,"Carcharhinus_albimarginatus","Carcharhinus albimarginatus",21.9639731694121,100.356756600123
688,"Rajella_challengeri","Rajella challengeri",21.9479892597329,106.132689555612
689,"Gymnura_altavela","Gymnura altavela",21.9293804648499,101.405439826451
690,"Bythaelurus_immaculatus","Bythaelurus immaculatus",21.8986754740593,106.459752395851
691,"Breviraja_claramaculata","Breviraja claramaculata",21.8801700868073,106.827456934603
692,"Dipturus_bullisi","Dipturus bullisi",21.8409787687492,103.037628393273
693,"Himantura_uarnak","Himantura uarnak",21.8060758794252,98.1774765787299
694,"Paragaleus_leucolomatus","Paragaleus leucolomatus",21.8017679641141,106.17548589215
695,"Scyliorhinus_retifer","Scyliorhinus retifer",21.732942787653,102.784470453437
696,"Urolophus_orarius","Urolophus orarius",21.7277928255547,92.0385995259137
697,"Carcharhinus_falciformis","Carcharhinus falciformis",21.7079255372571,104.672010911569
698,"Rajella_fyllae","Rajella fyllae",21.6923699523306,97.7464621889486
699,"Breviraja_colesi","Breviraja colesi",21.6684368115409,105.024373754128
700,"Prionace_glauca","Prionace glauca",21.6670138344434,99.7916372355706
701,"Parascyllium_ferrugineum","Parascyllium ferrugineum",21.6662058680545,98.6271214521231
702,"Bythaelurus_clevai","Bythaelurus clevai",21.6485906398916,105.12304077877
703,"Rhizoprionodon_porosus","Rhizoprionodon porosus",21.619966011796,100.218992141222
704,"Torpedo_alexandrinsis","Torpedo alexandrinsis",21.6148819919588,99.5063492493387
705,"Sympterygia_lima","Sympterygia lima",21.6121989711409,100.674719287879
706,"Fenestraja_maceachrani","Fenestraja maceachrani",21.5898280598177,102.335766859753
707,"Centroscyllium_ornatum","Centroscyllium ornatum",21.5593363492303,101.028716989236
708,"Typhlonarke_aysoni","Typhlonarke aysoni",21.5452457213729,97.4175624920057
709,"Neoraja_caerulea","Neoraja caerulea",21.5346757644137,104.544618961821
710,"Gymnura_tentaculata","Gymnura tentaculata",21.4606278800194,101.03146632984
711,"Dasyatis_matsubarai","Dasyatis matsubarai",21.4519478620041,97.7054098164849
712,"Dasyatis_brevicaudata","Dasyatis brevicaudata",21.4463380246705,98.0333843106388
713,"Narcine_brevilabiata","Narcine brevilabiata",21.3856275569559,93.6589335463713
714,"Torpedo_fairchildi","Torpedo fairchildi",21.3390938329063,99.4405239314935
715,"Parascyllium_elongatum","Parascyllium elongatum",21.3187778339394,97.4025211278667
716,"Narcine_firma","Narcine firma",21.2850393365962,94.5913678203575
717,"Rhizoprionodon_terraenovae","Rhizoprionodon terraenovae",21.2074647635174,100.506921879172
718,"Etmopterus_sculptus","Etmopterus sculptus",21.1991271648868,100.586750215876
719,"Etmopterus_dianthus","Etmopterus dianthus",21.1990114465475,102.456813826719
720,"Squalus_grahami","Squalus grahami",21.180380397177,103.824653457085
721,"Scyliorhinus_meadi","Scyliorhinus meadi",21.1788994615033,100.23156688902
722,"Acroteriobatus_variegatus","Acroteriobatus variegatus",21.1247125266623,104.878261400323
723,"Narcine_maculata","Narcine maculata",21.1120807177325,94.0532874353115
724,"Urotrygon_peruanus","Urotrygon peruanus",21.0461011697473,98.66675947585
725,"Scyliorhinus_torrei","Scyliorhinus torrei",21.0389095104914,100.927353861391
726,"Scyliorhinus_haeckelii","Scyliorhinus haeckelii",20.9910127176437,100.063589954899
727,"Dasyatis_marianae","Dasyatis marianae",20.9758126789822,95.5760088109736
728,"Glyphis_garricki","Glyphis garricki",20.9541092812026,96.7638735201485
729,"Dasyatis_longa","Dasyatis longa",20.927376634046,95.8449497878283
730,"Rhinobatos_annandalei","Rhinobatos annandalei",20.8797006693357,103.642808423114
731,"Typhlonarke_tarakea","Typhlonarke tarakea",20.8105431706554,95.9721958428111
732,"Sympterygia_acuta","Sympterygia acuta",20.8047666343053,101.927585947552
733,"Urotrygon_chilensis","Urotrygon chilensis",20.804479210016,100.367877629972
734,"Paragaleus_pectoralis","Paragaleus pectoralis",20.7720403448744,106.361492050442
735,"Etmopterus_sentosus","Etmopterus sentosus",20.7558430394558,99.6972295052162
736,"Narcine_rierai","Narcine rierai",20.7328495733077,94.2496759288447
737,"Heteronarce_mollis","Heteronarce mollis",20.7023735448907,93.4731026045851
738,"Rhinobatos_schlegelii","Rhinobatos schlegelii",20.6826136342014,104.294930407195
739,"Narcine_vermiculatus","Narcine vermiculatus",20.6778740432523,100.333318084441
740,"Paragaleus_randalli","Paragaleus randalli",20.6657052159992,105.625937083718
741,"Halaelurus_buergeri","Halaelurus buergeri",20.6476042394796,98.1191033724911
742,"Halaelurus_sellus","Halaelurus sellus",20.6472253794491,98.105843271423
743,"Rajella_eisenhardti","Rajella eisenhardti",20.6355862022021,101.797623640815
744,"Rhinobatos_formosensis","Rhinobatos formosensis",20.6351765292611,104.739723068569
745,"Heteronarce_bentuviai","Heteronarce bentuviai",20.6301557163312,92.0547662495062
746,"Anacanthobatis_americanus","Anacanthobatis americanus",20.6226677015495,104.679748972388
747,"Leucoraja_naevus","Leucoraja naevus",20.6003319121152,101.723000347469
748,"Squatina_tergocellata","Squatina tergocellata",20.5942569511115,96.6292789655745
749,"Glaucostegus_spinosus","Glaucostegus spinosus",20.5647297191057,106.459007964648
750,"Brochiraja_aenigma","Brochiraja aenigma",20.5554418752412,104.304572602128
751,"Temera_hardwickii","Temera hardwickii",20.548630342336,94.1215496898799
752,"Glaucostegus_obtusus","Glaucostegus obtusus",20.4904308042259,106.069801034843
753,"Himantura_undulata","Himantura undulata",20.45971965867,97.501992994065
754,"Bathyraja_ishiharai","Bathyraja ishiharai",20.4578663113481,100.361568063737
755,"Narcine_brasiliensis","Narcine brasiliensis",20.4300935609735,100.74806021339
756,"Scyliorhinus_boa","Scyliorhinus boa",20.4235478794543,99.9841153017115
757,"Rajella_caudaspinosa","Rajella caudaspinosa",20.4216489320966,98.6604130481651
758,"Centroscyllium_ritteri","Centroscyllium ritteri",20.4214721384053,102.113331011954
759,"Anacanthobatis_ori","Anacanthobatis ori",20.4117894085828,102.144771283178
760,"Bathyraja_spinosissima","Bathyraja spinosissima",20.3738132828853,99.5597575538837
761,"Torpedo_californica","Torpedo californica",20.3216419227622,100.820638169134
762,"Himantura_marginata","Himantura marginata",20.309669013859,97.7718570077488
763,"Centroscyllium_fabricii","Centroscyllium fabricii",20.2654945393788,102.191168987113
764,"Bathyraja_hesperafricana","Bathyraja hesperafricana",20.2529002349041,102.775870416723
765,"Glyphis_siamensis","Glyphis siamensis",20.2309498510793,98.1990324079214
766,"Glaucostegus_microphthalmus","Glaucostegus microphthalmus",20.176481875947,105.098909040544
767,"Squatina_pseudocellata","Squatina pseudocellata",20.1633920006657,96.7521877932945
768,"Chiloscyllium_hasseltii","Chiloscyllium hasseltii",20.0781190490866,104.166534738798
769,"Chimaera_lignaria","Chimaera lignaria",20.0606972919337,102.304465218708
770,"Rhinoptera_brasiliensis","Rhinoptera brasiliensis",20.0588939244023,105.888115338177
771,"Torpedo_puelcha","Torpedo puelcha",20.035887405773,99.8978660981404
772,"Squalus_cubensis","Squalus cubensis",20.0328215338239,104.631577863905
773,"Glaucostegus_thouin","Glaucostegus thouin",20.0260476795596,104.262431438181
774,"Chiloscyllium_griseum","Chiloscyllium griseum",20.0064507689101,103.842438099247
775,"Hydrolagus_purpurescens","Hydrolagus purpurescens",19.9625218113397,93.9748322909376
776,"Potamotrygon_marinae","Potamotrygon marinae",19.9364034861622,94.6785289208961
777,"Potamotrygon_falkneri","Potamotrygon falkneri",19.9146165586864,97.6537907164094
778,"Dipturus_doutrei","Dipturus doutrei",19.9118687711532,95.1398876065361
779,"Myliobatis_tobijei","Myliobatis tobijei",19.8969038023385,99.5958510432859
780,"Chimaera_notafricana","Chimaera notafricana",19.8272910351338,101.736588604464
781,"Bythaelurus_incanus","Bythaelurus incanus",19.8185323049163,102.533640525969
782,"Carcharhinus_wheeleri","Carcharhinus wheeleri",19.7938840172632,102.656228971899
783,"Urolophus_armatus","Urolophus armatus",19.7781192718848,99.5996263676615
784,"Mustelus_henlei","Mustelus henlei",19.7685716491952,101.684841217428
785,"Mustelus_higmani","Mustelus higmani",19.7407578726941,100.964940652398
786,"Leucoraja_wallacei","Leucoraja wallacei",19.7190693353194,101.571150264982
787,"Bathyraja_griseocauda","Bathyraja griseocauda",19.7088148486614,101.138231067274
788,"Dasyatis_centroura","Dasyatis centroura",19.6994231371786,99.4651133923052
789,"Fenestraja_sinusmexicanus","Fenestraja sinusmexicanus",19.6616230863184,104.847409905062
790,"Bythaelurus_dawsoni","Bythaelurus dawsoni",19.6519934930006,102.582983224731
791,"Galeus_melastomus","Galeus melastomus",19.6288482470118,102.080931917197
792,"Hydrolagus_macrophthalmus","Hydrolagus macrophthalmus",19.6082932982415,93.429373693546
793,"Urolophus_westraliensis","Urolophus westraliensis",19.6015226643573,98.6780271710908
794,"Rhinoptera_peli","Rhinoptera peli",19.570689150661,102.389581774754
795,"Dipturus_garricki","Dipturus garricki",19.5700780163555,100.524536922367
796,"Galeus_atlanticus","Galeus atlanticus",19.5627808852465,103.707259328704
797,"Myliobatis_ridens","Myliobatis ridens",19.5187303696385,100.52263723382
798,"Brochiraja_heuresa","Brochiraja heuresa",19.4976037262318,104.348711912871
799,"Urotrygon_microphthalmum","Urotrygon microphthalmum",19.4788210319585,98.1242711974815
800,"Okamejei_mengae","Okamejei mengae",19.4472069723191,98.536561547837
801,"Galeus_schultzi","Galeus schultzi",19.4366955884679,107.08689268156
802,"Raja_microocellata","Raja microocellata",19.4101335653566,108.294726622635
803,"Hemitriakis_japanica","Hemitriakis japanica",19.3756083172358,103.847707024482
804,"Galeus_nipponensis","Galeus nipponensis",19.3156699513139,107.800605091897
805,"Dasyatis_thetidis","Dasyatis thetidis",19.2909238365078,98.9650332550335
806,"Fenestraja_cubensis","Fenestraja cubensis",19.2455902449312,103.897448627586
807,"Psammobatis_lentiginosa","Psammobatis lentiginosa",19.1980611796569,107.864106312383
808,"Bathyraja_notoroensis","Bathyraja notoroensis",19.1783778147326,102.883771762703
809,"Dipturus_nidarosiensis","Dipturus nidarosiensis",19.1604512290289,100.300092468397
810,"Cephaloscyllium_variegatum","Cephaloscyllium variegatum",19.1560649003471,97.2960597273942
811,"Hydrolagus_trolli","Hydrolagus trolli",19.1487698353846,96.2268797322362
812,"Dasyatis_guttata","Dasyatis guttata",19.1373059997593,100.697474367063
813,"Dasyatis_hypostigma","Dasyatis hypostigma",19.1372250460739,100.311686921668
814,"Apristurus_platyrhynchus","Apristurus platyrhynchus",19.1165650960029,101.084605821758
815,"Urotrygon_serrula","Urotrygon serrula",19.02931697477,98.7187441590211
816,"Psammobatis_normani","Psammobatis normani",19.0125654820001,108.52715383065
817,"Nasolamia_velox","Nasolamia velox",18.9867649382204,98.4443222751578
818,"Hemitriakis_abdita","Hemitriakis abdita",18.9646636332453,101.896400440869
819,"Dipturus_springeri","Dipturus springeri",18.9372862662217,103.161693556025
820,"Psammobatis_parvacauda","Psammobatis parvacauda",18.8932558814854,97.4713471083384
821,"Amblyraja_radiata","Amblyraja radiata",18.8902968555912,99.9827181798492
822,"Potamotrygon_brachyura","Potamotrygon brachyura",18.7429261152289,99.3132455706739
823,"Hemitriakis_leucoperiptera","Hemitriakis leucoperiptera",18.7408743838188,102.612404250491
824,"Cephaloscyllium_laticeps","Cephaloscyllium laticeps",18.7366402713629,99.9138913731564
825,"Okamejei_meerdervoortii","Okamejei meerdervoortii",18.6886589185175,97.1233991273625
826,"Dipturus_queenslandicus","Dipturus queenslandicus",18.6822921929984,102.310967607277
827,"Narcine_lingula","Narcine lingula",18.681259013163,100.88724046531
828,"Narcine_brunnea","Narcine brunnea",18.642710445261,99.294753950997
829,"Squalus_mitsukurii","Squalus mitsukurii",18.6388798650174,107.627672098648
830,"Mustelus_mosis","Mustelus mosis",18.6387933637063,103.978459076151
831,"Rajella_dissimilis","Rajella dissimilis",18.6291129725251,104.131464839501
832,"Apristurus_macrostomus","Apristurus macrostomus",18.5834317670584,97.6909963901286
833,"Apristurus_sinensis","Apristurus sinensis",18.5588482361129,101.372703393109
834,"Narcine_nigra","Narcine nigra",18.5551846013502,97.4177810522823
835,"Brochiraja_vittacauda","Brochiraja vittacauda",18.5325352833077,101.137238341951
836,"Mustelus_manazo","Mustelus manazo",18.5247324185198,105.815522833422
837,"Apristurus_melanoasper","Apristurus melanoasper",18.5218657278805,102.779607453102
838,"Parmaturus_melanobranchus","Parmaturus melanobranchus",18.4334111105773,98.0521597104266
839,"Torpedo_marmorata","Torpedo marmorata",18.3942496159949,93.282824179224
840,"Parmaturus_albipenis","Parmaturus albipenis",18.380649007913,100.581131496735
841,"Carcharhinus_tjutjot","Carcharhinus tjutjot",18.3776843897355,98.6696165521309
842,"Carcharhinus_acronotus","Carcharhinus acronotus",18.3745279680479,97.8179746945233
843,"Narcine_insolita","Narcine insolita",18.3513965791535,96.8400098272191
844,"Holohalaelurus_regani","Holohalaelurus regani",18.3488502092308,105.157617609883
845,"Psammobatis_rutrum","Psammobatis rutrum",18.3261689972037,98.6457936340082
846,"Squalus_lalannei","Squalus lalannei",18.3207254262635,107.024692938801
847,"Glyphis_fowlerae","Glyphis fowlerae",18.2877235587048,98.5479404552232
848,"Carcharhinus_leiodon","Carcharhinus leiodon",18.2309708272841,103.026601457247
849,"Dipturus_gudgeri","Dipturus gudgeri",18.1519173421623,99.0854881842004
850,"Apristurus_kampae","Apristurus kampae",18.1441416394203,104.603002832727
851,"Carcharhinus_sorrah","Carcharhinus sorrah",18.1254483346884,97.9311185777251
852,"Cephaloscyllium_ventriosum","Cephaloscyllium ventriosum",18.1100877784192,95.4195796685722
853,"Dipturus_innominatus","Dipturus innominatus",18.10914262259,102.780055268377
854,"Myliobatis_rhombus","Myliobatis rhombus",18.1002946808826,99.8653167030036
855,"Squalus_formosus","Squalus formosus",18.0775173414539,106.19161428207
856,"Carcharhinus_cerdale","Carcharhinus cerdale",18.0509369307319,96.7781839007697
857,"Anacanthobatis_nanhaiensis","Anacanthobatis nanhaiensis",18.0346211291785,98.722666436155
858,"Urolophus_papilio","Urolophus papilio",18.0155796325162,96.6185477774184
859,"Holohalaelurus_punctatus","Holohalaelurus punctatus",18.0069846758177,102.27121793965
860,"Myliobatis_hamlyni","Myliobatis hamlyni",17.9967719632028,99.6416213858736
861,"Anacanthobatis_marmoratus","Anacanthobatis marmoratus",17.9882069151173,102.376820935978
862,"Hemiscyllium_freycineti","Hemiscyllium freycineti",17.9804154269698,106.499061324031
863,"Squalus_edmundsi","Squalus edmundsi",17.954948980694,101.562165380469
864,"Hemiscyllium_hallstromi","Hemiscyllium hallstromi",17.9544873822856,106.617000336488
865,"Hydrolagus_mirabilis","Hydrolagus mirabilis",17.9392764435444,95.2166718610998
866,"Urolophus_expansus","Urolophus expansus",17.931830244085,96.6527995629166
867,"Leucoraja_ocellata","Leucoraja ocellata",17.9312401957285,104.326556767322
868,"Squalus_hemipinnis","Squalus hemipinnis",17.9206957319258,104.434375212437
869,"Fenestraja_sibogae","Fenestraja sibogae",17.8965467296417,104.196041162321
870,"Glyphis_gangeticus","Glyphis gangeticus",17.8882605217928,98.662345267388
871,"Holohalaelurus_favus","Holohalaelurus favus",17.8494294682184,102.651616347468
872,"Zearaja_maugeana","Zearaja maugeana",17.8209906376872,99.5864900712642
873,"Zearaja_argentinensis","Zearaja argentinensis",17.7798662243197,101.782088805169
874,"Hydrolagus_affinis","Hydrolagus affinis",17.7770906107985,95.9852538655139
875,"Plesiotrygon_nana","Plesiotrygon nana",17.6681440141601,98.0041255385061
876,"Triaenodon_obesus","Triaenodon obesus",17.6387509945182,97.8839443549509
877,"Urolophus_lobatus","Urolophus lobatus",17.6009139829481,97.8337886647891
878,"Pavoraja_nitida","Pavoraja nitida",17.5745459796249,105.642049685383
879,"Dasyatis_laosensis","Dasyatis laosensis",17.5725663436085,98.4784613720822
880,"Pavoraja_arenaria","Pavoraja arenaria",17.5563143363958,105.611396089063
881,"Torpedo_torpedo","Torpedo torpedo",17.550271916733,95.8991392388317
882,"Galeus_cadenati","Galeus cadenati",17.5247541125065,102.698544597881
883,"Galeus_priapus","Galeus priapus",17.4266007527355,102.879428916217
884,"Bathyraja_bergi","Bathyraja bergi",17.4091352952135,99.2087534847841
885,"Carcharhinus_coatesi","Carcharhinus coatesi",17.3984224068699,97.9544083382363
886,"Urolophus_kapalensis","Urolophus kapalensis",17.3239170741195,97.1545763838657
887,"Carcharhinus_leucas","Carcharhinus leucas",17.275986186498,98.3720523918153
888,"Squalus_rancureli","Squalus rancureli",17.2728847168078,105.587153109412
889,"Himantura_kittipongi","Himantura kittipongi",17.2574409051071,100.57952656844
890,"Bathyraja_trachura","Bathyraja trachura",17.2544632492908,102.128866556994
891,"Himantura_fai","Himantura fai",17.2514666711591,100.547656772927
892,"Etmopterus_unicolor","Etmopterus unicolor",17.2110928193113,104.828446325524
893,"Leucoraja_fullonica","Leucoraja fullonica",17.1236024973068,98.9582696242237
894,"Urolophus_viridis","Urolophus viridis",17.1142653848479,94.140338378836
895,"Etmopterus_litvinovi","Etmopterus litvinovi",17.1107095865571,103.974431228251
896,"Plesiotrygon_iwamae","Plesiotrygon iwamae",16.9830836256818,98.2596315958317
897,"Urolophus_neocaledoniensis","Urolophus neocaledoniensis",16.9676853758111,93.5211343034846
898,"Bathyraja_abyssicola","Bathyraja abyssicola",16.947650420581,99.622012863062
899,"Narcine_timlei","Narcine timlei",16.9451777456654,100.880813702291
900,"Dipturus_oregoni","Dipturus oregoni",16.9420658441346,100.866124544281
901,"Torpedo_andersoni","Torpedo andersoni",16.9350443817461,94.6870091322698
902,"Carcharhinus_amblyrhynchoides","Carcharhinus amblyrhynchoides",16.9096730948419,101.493276777696
903,"Narcine_bancroftii","Narcine bancroftii",16.8604630406311,100.907180395301
904,"Dipturus_lanceorostratus","Dipturus lanceorostratus",16.8599402957126,98.95635301322
905,"Leucoraja_melitensis","Leucoraja melitensis",16.7848808469538,98.9342621339123
906,"Raja_bahamensis","Raja bahamensis",16.7825443042484,105.724822734877
907,"Fenestraja_plutonia","Fenestraja plutonia",16.7045215323192,106.690087090354
908,"Cephaloscyllium_sarawakensis","Cephaloscyllium sarawakensis",16.698859662127,98.5495490764903
909,"Fenestraja_atripinna","Fenestraja atripinna",16.6811170401814,104.624143054841
910,"Etmopterus_pseudosqualiolus","Etmopterus pseudosqualiolus",16.6610467157825,94.981946854389
911,"Etmopterus_pycnolepis","Etmopterus pycnolepis",16.6214163610896,97.3729040298807
912,"Carcharhinus_limbatus","Carcharhinus limbatus",16.6115112260775,101.627941564039
913,"Etmopterus_perryi","Etmopterus perryi",16.6097924641095,94.3581588425938
914,"Carcharhinus_tilstoni","Carcharhinus tilstoni",16.5996798848199,103.022339284746
915,"Centroscyllium_granulatum","Centroscyllium granulatum",16.5133295621809,104.005412121509
916,"Dipturus_mennii","Dipturus mennii",16.5054195606485,96.6838407478802
917,"Bathyraja_tzinovskii","Bathyraja tzinovskii",16.4728632673163,100.70672781414
918,"Etmopterus_carteri","Etmopterus carteri",16.4392135341699,96.8538331545807
919,"Potamotrygon_humerosa","Potamotrygon humerosa",16.4255776366451,96.7433766181654
920,"Centroscyllium_excelsum","Centroscyllium excelsum",16.4130037413754,103.468267177013
921,"Electrolux_addisoni","Electrolux addisoni",16.4080594027288,92.3006457549109
922,"Rhinoptera_marginata","Rhinoptera marginata",16.3943180071138,101.333706514945
923,"Amblyraja_robertsi","Amblyraja robertsi",16.390758855479,100.934885518219
924,"Cephaloscyllium_isabellum","Cephaloscyllium isabellum",16.3742851483457,97.6262161222751
925,"Hemiscyllium_strahani","Hemiscyllium strahani",16.3694417314043,102.57107415011
926,"Galeus_springeri","Galeus springeri",16.3410644174056,103.623366019332
927,"Potamotrygon_henlei","Potamotrygon henlei",16.3371407345016,95.2904908798615
928,"Dasyatis_navarrae","Dasyatis navarrae",16.3267674949557,101.170464528069
929,"Hemiscyllium_michaeli","Hemiscyllium michaeli",16.3105403976294,103.753437644982
930,"Apristurus_aphyodes","Apristurus aphyodes",16.2611964753748,102.051568855597
931,"Galeus_gracilis","Galeus gracilis",16.2568614473562,105.477365719371
932,"Dasyatis_bennetti","Dasyatis bennetti",16.1934263431941,100.872323747821
933,"Rhinoptera_sewelli","Rhinoptera sewelli",16.1902204360402,100.674822602445
934,"Urotrygon_venezuelae","Urotrygon venezuelae",16.1889610086474,95.7580996502667
935,"Apristurus_bucephalus","Apristurus bucephalus",16.1832608331516,96.4740171571566
936,"Mustelus_fasciatus","Mustelus fasciatus",16.1438349438512,104.162896767454
937,"Himantura_pastinacoides","Himantura pastinacoides",16.1330322786988,97.5194483402758
938,"Bathyraja_smithii","Bathyraja smithii",16.1321460546575,101.787032919314
939,"Cephaloscyllium_stevensi","Cephaloscyllium stevensi",16.0494203870051,96.4545178436418
940,"Apristurus_ampliceps","Apristurus ampliceps",16.0464197327612,101.203214570502
941,"Bathyraja_simoterus","Bathyraja simoterus",16.0409493162189,101.717900686237
942,"Brochiraja_asperula","Brochiraja asperula",16.0091105245782,107.224098448367
943,"Carcharhinus_altimus","Carcharhinus altimus",15.979123560416,99.5383241385712
944,"Dipturus_acrobelus","Dipturus acrobelus",15.9431387164439,92.0886588296103
945,"Carcharhinus_plumbeus","Carcharhinus plumbeus",15.9281755571599,98.7895429342397
946,"Cephaloscyllium_albipinnum","Cephaloscyllium albipinnum",15.8981285673063,98.1206935421174
947,"Urotrygon_nana","Urotrygon nana",15.8346515852906,97.435093354277
948,"Cephaloscyllium_signourum","Cephaloscyllium signourum",15.8168953001429,96.6951109625375
949,"Rhinoptera_neglecta","Rhinoptera neglecta",15.8150298134584,101.852577378226
950,"Apristurus_albisoma","Apristurus albisoma",15.7860431826834,95.834965436961
951,"Mustelus_mustelus","Mustelus mustelus",15.7739552980574,102.997855330375
952,"Leucoraja_virginica","Leucoraja virginica",15.7611241959367,99.9014981884405
953,"Apristurus_parvipinnis","Apristurus parvipinnis",15.7564687400201,102.428732432228
954,"Torpedo_macneilli","Torpedo macneilli",15.7015248628363,96.3561265207931
955,"Insentiraja_subtilispinosa","Insentiraja subtilispinosa",15.6462261711178,103.843001775704
956,"Urotrygon_cimar","Urotrygon cimar",15.6417606508927,98.2949072106867
957,"Himantura_dalyensis","Himantura dalyensis",15.6408762580525,99.4837417852035
958,"Torpedo_adenensis","Torpedo adenensis",15.6336584078063,97.4318524968719
959,"Neoraja_iberica","Neoraja iberica",15.6220052751203,100.448101495268
960,"Cephaloscyllium_umbratile","Cephaloscyllium umbratile",15.5539418511436,96.1910766235341
961,"Notoraja_alisae","Notoraja alisae",15.5347409377036,104.840284894378
962,"Himantura_walga","Himantura walga",15.5077629582062,99.0869351731571
963,"Squalus_japonicus","Squalus japonicus",15.5077170998461,100.857196953688
964,"Dipturus_gigas","Dipturus gigas",15.4843568711858,100.736105084824
965,"Insentiraja_laxipella","Insentiraja laxipella",15.4211085390055,103.763437429384
966,"Torpedo_formosa","Torpedo formosa",15.390934041942,97.3192389218041
967,"Pavoraja_pseudonitida","Pavoraja pseudonitida",15.3864681416084,104.613501796459
968,"Brochiraja_spinifera","Brochiraja spinifera",15.3845823460828,107.558945391217
969,"Neoraja_africana","Neoraja africana",15.3818456535533,100.952589313302
970,"Bathyraja_isotrachys","Bathyraja isotrachys",15.359793492325,101.740704087041
971,"Bathyraja_aleutica","Bathyraja aleutica",15.3177861039928,96.8760285318312
972,"Asymbolus_analis","Asymbolus analis",15.2734738215959,106.353498777005
973,"Dipturus_intermedia","Dipturus intermedia",15.2060806560992,90.8708807855066
974,"Dipturus_ecuadoriensis","Dipturus ecuadoriensis",15.1298547825914,94.3193427450059
975,"Cephaloscyllium_zebrum","Cephaloscyllium zebrum",15.1245228517291,99.5119155596536
976,"Cephaloscyllium_hiscosellum","Cephaloscyllium hiscosellum",15.0246592175856,97.1857706400126
977,"Parmaturus_albimarginatus","Parmaturus albimarginatus",14.959269961011,99.2101536214394
978,"Dasyatis_akajei","Dasyatis akajei",14.9441086433712,97.6847436542588
979,"Psammobatis_bergi","Psammobatis bergi",14.8855815089116,100.835865871466
980,"Psammobatis_scobina","Psammobatis scobina",14.8824276260049,100.21197623517
981,"Pavoraja_mosaica","Pavoraja mosaica",14.8398370492208,104.069147422173
982,"Parmaturus_sp.","Parmaturus sp.",14.750495521285,98.1637296640484
983,"Rajella_fuliginea","Rajella fuliginea",14.7420779057586,97.9366638715718
984,"Potamotrygon_boesemani","Potamotrygon boesemani",14.6962080478529,101.125506244625
985,"Rhinoptera_adspersa","Rhinoptera adspersa",14.6958110479185,104.438588071816
986,"Apristurus_fedorovi","Apristurus fedorovi",14.680026873846,100.992459182442
987,"Okamejei_kenojei","Okamejei kenojei",14.6214131285318,100.985204339413
988,"Dasyatis_hastata","Dasyatis hastata",14.6209981866285,96.4508635492162
989,"Okamejei_philipi","Okamejei philipi",14.6158047183015,98.7862397907644
990,"Mustelus_ravidus","Mustelus ravidus",14.6122412620462,101.553044525331
991,"Okamejei_boesemani","Okamejei boesemani",14.5935515049321,101.282367682597
992,"Okamejei_cairae","Okamejei cairae",14.5901833454954,102.481280652692
993,"Rajella_kukujevi","Rajella kukujevi",14.5852665196191,98.2895461724929
994,"Raja_miraletus","Raja miraletus",14.5535048503531,104.138796806801
995,"Rhinoptera_javanica","Rhinoptera javanica",14.5360514832898,103.332842608427
996,"Okamejei_schmidti","Okamejei schmidti",14.4863868675844,98.7749564915363
997,"Asymbolus_occiduus","Asymbolus occiduus",14.4719856414781,104.501634683
998,"Asymbolus_vincenti","Asymbolus vincenti",14.4282020272568,106.342738872713
999,"Mustelus_widodoi","Mustelus widodoi",14.4148950745981,100.82516471742
1000,"Himantura_toshi","Himantura toshi",14.3938924657176,97.4598084201076
1001,"Himantura_astra","Himantura astra",14.3535207155903,97.4496787388676
1002,"Apristurus_indicus","Apristurus indicus",14.347597217487,101.739806477778
1003,"Torpedo_zugmayeri","Torpedo zugmayeri",14.3423189227981,93.193025191945
1004,"Torpedo_tremens","Torpedo tremens",14.3147505822731,95.014504902949
1005,"Pavoraja_alleni","Pavoraja alleni",14.2788150129505,104.550441190014
1006,"Bathyraja_scaphiops","Bathyraja scaphiops",14.2758901111309,98.9958094731101
1007,"Asymbolus_parvus","Asymbolus parvus",14.2658581944835,105.802850660863
1008,"Squalus_blainville","Squalus blainville",14.2126196768015,99.6204013200813
1009,"Pavoraja_umbrosa","Pavoraja umbrosa",14.1942890414013,105.491424239623
1010,"Urotrygon_munda","Urotrygon munda",14.1708153005013,99.4845521897461
1011,"Parmaturus_xaniurus","Parmaturus xaniurus",14.1652675274632,98.5432386632471
1012,"Galeus_arae","Galeus arae",14.1075059992415,105.312359350209
1013,"Dasyatis_garouaensis","Dasyatis garouaensis",14.080008705602,99.8154092174038
1014,"Torpedo_fuscomaculata","Torpedo fuscomaculata",14.0398734347193,91.7168350686526
1015,"Urolophus_javanicus","Urolophus javanicus",14.0059925413021,99.2509850877645
1016,"Torpedo_sinuspersici","Torpedo sinuspersici",14.0019222743011,94.4296768301621
1017,"Notoraja_fijiensis","Notoraja fijiensis",13.9902659689252,106.70273270144
1018,"Rajella_annandalei","Rajella annandalei",13.9570019722833,100.616657054062
1019,"Parmaturus_macmillani","Parmaturus macmillani",13.9401113623653,97.8596913771429
1020,"Asymbolus_rubiginosus","Asymbolus rubiginosus",13.913529482065,105.692958545696
1021,"Rajella_leopardus","Rajella leopardus",13.8904320148679,102.509483694425
1022,"Dipturus_pullopunctata","Dipturus pullopunctata",13.887984966487,101.385401829857
1023,"Notoraja_sticta","Notoraja sticta",13.8481285334308,102.031675446881
1024,"Himantura_imbricata","Himantura imbricata",13.8465874917499,98.8910957939693
1025,"Dasyatis_lata","Dasyatis lata",13.8308996722062,99.1661541865612
1026,"Galeus_piperatus","Galeus piperatus",13.8149072987454,105.186444633165
1027,"Dasyatis_fluviorum","Dasyatis fluviorum",13.790208914404,100.595137789504
1028,"Centroscyllium_nigrum","Centroscyllium nigrum",13.7699181199216,99.250323442778
1029,"Parmaturus_pilosus","Parmaturus pilosus",13.7657179410238,98.7206598674951
1030,"Dipturus_leptocaudus","Dipturus leptocaudus",13.7579503834138,101.07894014683
1031,"Centroscyllium_kamoharai","Centroscyllium kamoharai",13.7414536346923,100.081478208535
1032,"Rajella_purpuriventralis","Rajella purpuriventralis",13.7251380567626,102.87881489259
1033,"Parmaturus_campechiensis","Parmaturus campechiensis",13.7103484154407,100.034709392139
1034,"Asymbolus_submaculatus","Asymbolus submaculatus",13.6827156129252,104.554673921677
1035,"Bathyraja_shuntovi","Bathyraja shuntovi",13.6783610412824,103.341684354873
1036,"Dasyatis_tortonesei","Dasyatis tortonesei",13.67000783157,100.53001648879
1037,"Dipturus_campbelli","Dipturus campbelli",13.6660243711612,94.8567246883622
1038,"Dipturus_laevis","Dipturus laevis",13.6646292731505,94.5788704314786
1039,"Torpedo_nobiliana","Torpedo nobiliana",13.5813623349084,96.4078324880056
1040,"Torpedo_polleni","Torpedo polleni",13.5403776818005,97.0838014302527
1041,"Bathyraja_microtrachys","Bathyraja microtrachys",13.5399803206827,101.563809807059
1042,"Mustelus_asterias","Mustelus asterias",13.4832125786453,104.270304124243
1043,"Raja_rouxi","Raja rouxi",13.4520841429142,106.779867994971
1044,"Mustelus_stevensi","Mustelus stevensi",13.4371715013788,104.93027700161
1045,"Zearaja_chilensis","Zearaja chilensis",13.4195557554633,104.331001951545
1046,"Dipturus_crosnieri","Dipturus crosnieri",13.4081282468679,100.464658702607
1047,"Mustelus_palumbes","Mustelus palumbes",13.3938522264784,104.051198699076
1048,"Narke_japonica","Narke japonica",13.3455578327863,92.0324034652997
1049,"Dipturus_trachydermus","Dipturus trachydermus",13.3124164096808,101.024413868055
1050,"Raja_maderensis","Raja maderensis",13.2805444299475,106.612402768139
1051,"Dipturus_endeavouri","Dipturus endeavouri",13.2447692448475,99.5933743744946
1052,"Parmaturus_bigus","Parmaturus bigus",13.2398052820653,96.9638565053608
1053,"Potamotrygon_ocellata","Potamotrygon ocellata",13.2320290544112,102.345003219993
1054,"Carcharhinus_longimanus","Carcharhinus longimanus",13.231726738765,96.4880152319278
1055,"Squalus_montalbani","Squalus montalbani",13.188095051891,108.466881442583
1056,"Potamotrygon_yepezi","Potamotrygon yepezi",13.1550892053792,101.860456641453
1057,"Zearaja_nasuta","Zearaja nasuta",13.126129083543,103.741719329841
1058,"Squalus_chloroculus","Squalus chloroculus",13.1159278801534,108.679098259719
1059,"Apristurus_microps","Apristurus microps",13.0557666129578,100.439125348035
1060,"Notoraja_azurea","Notoraja azurea",12.9959129625202,107.013612496413
1061,"Potamotrygon_leopoldi","Potamotrygon leopoldi",12.9761390106925,100.3669842818
1062,"Mustelus_antarcticus","Mustelus antarcticus",12.9574043747917,106.21927045227
1063,"Potamotrygon_signata","Potamotrygon signata",12.9455959936918,99.7103908588814
1064,"Dipturus_oxyrinchus","Dipturus oxyrinchus",12.9313377820075,94.6586252723575
1065,"Raja_brachyura","Raja brachyura",12.919402590512,107.691029990348
1066,"Apristurus_manis","Apristurus manis",12.9077118159564,99.802878418447
1067,"Bathyraja_pallida","Bathyraja pallida",12.8970198040031,101.224046194119
1068,"Raja_rondeleti","Raja rondeleti",12.8886980645537,105.958511199012
1069,"Bathyraja_trachouros","Bathyraja trachouros",12.8875672604584,100.052211179649
1070,"Isogomphodon_oxyrhynchus","Isogomphodon oxyrhynchus",12.8870633170023,95.1611814370115
1071,"Raja_africana","Raja africana",12.8772080540553,103.639755596034
1072,"Raja_atriventralis","Raja atriventralis",12.8586814578473,102.094823734359
1073,"Raja_chinensis","Raja chinensis",12.8112934923565,108.559284324314
1074,"Brochiraja_leviveneta","Brochiraja leviveneta",12.7938033691461,105.650525518523
1075,"Raja_cervigoni","Raja cervigoni",12.7456784015011,103.878929064138
1076,"Bathyraja_leucomelanos","Bathyraja leucomelanos",12.7452626099177,100.407121751172
1077,"Raja_texana","Raja texana",12.7295024113426,103.876051515261
1078,"Urolophus_piperatus","Urolophus piperatus",12.7197669770704,97.1827201644078
1079,"Urolophus_deforgesi","Urolophus deforgesi",12.6650922408495,96.7008942547303
1080,"Carcharhinus_galapagensis","Carcharhinus galapagensis",12.6602372985583,99.7266818861928
1081,"Urolophus_cruciatus","Urolophus cruciatus",12.6437924490915,96.329319807739
1082,"Squalus_raoulensis","Squalus raoulensis",12.582613266632,101.95603723898
1083,"Urolophus_sufflavus","Urolophus sufflavus",12.5816955896496,95.8905179532364
1084,"Brochiraja_albilabiata","Brochiraja albilabiata",12.5747198410627,105.305442362893
1085,"Raja_polystigma","Raja polystigma",12.5717732704267,103.605792050885
1086,"Squalus_nasutus","Squalus nasutus",12.5413056603058,102.002946666229
1087,"Urolophus_paucimaculatus","Urolophus paucimaculatus",12.5170512417809,95.6846823049204
1088,"Bathyraja_schroederi","Bathyraja schroederi",12.5072457147853,102.67499345843
1089,"Carcharhinus_obscurus","Carcharhinus obscurus",12.4478519225978,98.833360915327
1090,"Urotrygon_caudispinosus","Urotrygon caudispinosus",12.3976486897716,98.1698569322666
1091,"Narke_dipterygia","Narke dipterygia",12.3718164885808,91.7814848859849
1092,"Narke_capensis","Narke capensis",12.3620616218383,91.7854676840035
1093,"Urotrygon_simulatrix","Urotrygon simulatrix",12.3558479831106,97.1650585276555
1094,"Dipturus_stenorhynchus","Dipturus stenorhynchus",12.3180662257331,101.509156499395
1095,"Dipturus_grahami","Dipturus grahami",12.2491209583943,101.189291126939
1096,"Leucoraja_yucatanensis","Leucoraja yucatanensis",12.2321306761757,101.642733048656
1097,"Raja_macrorynchus","Raja macrorynchus",12.1581275479333,103.50946647559
1098,"Leucoraja_leucosticta","Leucoraja leucosticta",12.148869575524,101.373255874967
1099,"Dipturus_healdi","Dipturus healdi",11.9850147487986,100.770461608011
1100,"Mustelus_albipinnis","Mustelus albipinnis",11.9501477555043,103.961476500201
1101,"Bathyraja_meridionalis","Bathyraja meridionalis",11.9233606751784,103.440063581188
1102,"Raja_ackleyi","Raja ackleyi",11.8920847450414,102.478545282761
1103,"Mustelus_mento","Mustelus mento",11.7557182083762,103.69960458303
1104,"Dipturus_johannisdavesi","Dipturus johannisdavesi",11.744579778473,98.2762151476074
1105,"Notoraja_inusitata","Notoraja inusitata",11.6757257579076,106.426783961353
1106,"Potamotrygon_tigrina","Potamotrygon tigrina",11.6499900661994,94.4243552534069
1107,"Raja_clavata","Raja clavata",11.6161588343707,101.301358952433
1108,"Notoraja_longiventralis","Notoraja longiventralis",11.5795591945754,105.510342225441
1109,"Potamotrygon_schroederi","Potamotrygon schroederi",11.5599156931774,91.9676451321744
1110,"Mustelus_lenticulatus","Mustelus lenticulatus",11.3807906242775,105.805220018059
1111,"Mustelus_dorsalis","Mustelus dorsalis",11.3619930122151,106.892698968072
1112,"Raja_radula","Raja radula",11.3439547029031,100.744873656941
1113,"Dipturus_apricus","Dipturus apricus",11.2343751977041,96.0955686875637
1114,"Dipturus_batis","Dipturus batis",11.2285142420655,95.7060353161329
1115,"Dipturus_olseni","Dipturus olseni",11.1252579791082,102.055374394368
1116,"Bathyraja_eatonii","Bathyraja eatonii",11.0603068753819,102.602540009325
1117,"Dipturus_flavirostris","Dipturus flavirostris",11.0568551050509,101.752560190718
1118,"Bathyraja_spinicauda","Bathyraja spinicauda",10.971334757051,102.12236823615
1119,"Dipturus_macrocauda","Dipturus macrocauda",10.8773474515496,96.9436765157999
1120,"Bathyraja_lindbergi","Bathyraja lindbergi",10.8122409774618,100.462563125225
1121,"Potamotrygon_castexi","Potamotrygon castexi",10.7683311288555,96.1784845018118
1122,"Dipturus_tengu","Dipturus tengu",10.7142842697122,96.8621285459249
1123,"Rhinoraja_multispinis","Rhinoraja multispinis",10.6259647915257,99.0321277633949
1124,"Potamotrygon_orbignyi","Potamotrygon orbignyi",10.5763997246806,93.5192348782049
1125,"Etmopterus_granulosus","Etmopterus granulosus",10.5520271079485,103.761873351549
1126,"Bathyraja_maculata","Bathyraja maculata",10.5209789303975,99.8491312215698
1127,"Notoraja_ochroderma","Notoraja ochroderma",10.5169604567227,107.760468408947
1128,"Etmopterus_princeps","Etmopterus princeps",10.5134038932846,103.191066344059
1129,"Dipturus_teevani","Dipturus teevani",10.4804214949621,100.546632302551
1130,"Rhinoraja_kujiensis","Rhinoraja kujiensis",10.4689568840552,101.935826441622
1131,"Rhinoraja_longicauda","Rhinoraja longicauda",10.3588041053148,98.4081231070037
1132,"Bathyraja_maccaini","Bathyraja maccaini",10.3472935409237,100.351028965159
1133,"Raja_equatorialis","Raja equatorialis",10.3413474090567,104.54471057208
1134,"Dipturus_confusus","Dipturus confusus",10.3190135193748,100.945293743605
1135,"Bathyraja_longicauda","Bathyraja longicauda",10.2404584273334,103.593119440897
1136,"Dipturus_polyommata","Dipturus polyommata",10.2196768440029,97.8041716202595
1137,"Spiniraja_whitleyi","Spiniraja whitleyi",10.183370606076,96.4608078454068
1138,"Notoraja_lira","Notoraja lira",10.1601740728974,103.821474213656
1139,"Notoraja_hirticauda","Notoraja hirticauda",10.0039730906417,107.984406753649
1140,"Rajella_sadowskii","Rajella sadowskii",9.98886713317406,98.4269012151223
1141,"Notoraja_sapphira","Notoraja sapphira",9.97487045446337,106.774634203482
1142,"Notoraja_tobitukai","Notoraja tobitukai",9.9632708420977,102.498838659081
1143,"Rajella_alia","Rajella alia",9.9598976583655,98.6349453704746
1144,"Rhinoraja_macloviana","Rhinoraja macloviana",9.81127615118831,101.800805680095
1145,"Rhinoraja_albomaculata","Rhinoraja albomaculata",9.77845064909805,100.043684332476
1146,"Dipturus_canutus","Dipturus canutus",9.7028907406786,102.031310299096
1147,"Rhinoraja_murrayi","Rhinoraja murrayi",9.69010614916986,103.954742345078
1148,"Bathyraja_minispinosa","Bathyraja minispinosa",9.42630802442832,100.521293082929
1149,"Raja_undulata","Raja undulata",9.42355424839445,105.688175761439
1150,"Raja_herwigi","Raja herwigi",9.35279680999158,105.174561995177
1151,"Etmopterus_spinax","Etmopterus spinax",9.27038504819537,103.635459463529
1152,"Raja_straeleni","Raja straeleni",9.2558866507366,101.644247183787
1153,"Amblyraja_georgiana","Amblyraja georgiana",9.2116464172276,99.9104774487133
1154,"Etmopterus_bullisi","Etmopterus bullisi",9.20479213266047,103.476324101867
1155,"Etmopterus_villosus","Etmopterus villosus",9.19126622212176,103.249598583784
1156,"Raja_cortezensis","Raja cortezensis",9.15928490266791,101.840332233998
1157,"Amblyraja_taaf","Amblyraja taaf",9.13549867700477,98.675207557709
1158,"Dipturus_australis","Dipturus australis",9.06695010444193,101.977642743813
1159,"Amblyraja_frerichsi","Amblyraja frerichsi",9.04156360852539,97.4499078401248
1160,"Dentiraja_flindersi","Dentiraja flindersi",9.0145173816665,102.036897298027
1161,"Dipturus_cerva","Dipturus cerva",8.98553583232541,101.567203810222
1162,"Dentiraja_lemprieri","Dentiraja lemprieri",8.97063674565211,101.463677957
1163,"Bathyraja_parmifera","Bathyraja parmifera",8.9650154965092,100.718838749653
1164,"Amblyraja_doellojuradoi","Amblyraja doellojuradoi",8.87344031799886,95.6475901725483
1165,"Dipturus_wengi","Dipturus wengi",8.72874446932525,97.5229472711694
1166,"Bathyraja_tunae","Bathyraja tunae",8.70794004714017,102.623974299657
1167,"Rhinoraja_magellanica","Rhinoraja magellanica",8.67711491377299,101.932663342673
1168,"Bathyraja_peruana","Bathyraja peruana",8.63026471971074,101.52528351373
1169,"Bathyraja_panthera","Bathyraja panthera",8.54608375290209,101.410659459841
1170,"Bathyraja_cousseauae","Bathyraja cousseauae",8.41678038615872,102.952600417206
1171,"Potamotrygon_dumerilii","Potamotrygon dumerilii",8.39212994901198,95.9609864539246
1172,"Bathyraja_fedorovi","Bathyraja fedorovi",8.3478943010685,103.804545215409
1173,"Bathyraja_papilionifera","Bathyraja papilionifera",8.28605051815927,100.308452516347
1174,"Bathyraja_matsubarai","Bathyraja matsubarai",8.16841115098487,101.997688198792
1175,"Bathyraja_irrasa","Bathyraja irrasa",8.16231783816577,101.806003195622
1176,"Rhinoraja_taranetzi","Rhinoraja taranetzi",8.03803544292173,102.202284225047
1177,"Bathyraja_diplotaenia","Bathyraja diplotaenia",8.01404326862614,103.086701272166
1178,"Bathyraja_brachyurops","Bathyraja brachyurops",7.99787246977277,102.39597472636
1179,"Potamotrygon_motoro","Potamotrygon motoro",7.95274079841808,96.9545315135099
1180,"Potamotrygon_scobina","Potamotrygon scobina",7.92448237342976,96.3278676434981
1181,"Dipturus_wuhanlingi","Dipturus wuhanlingi",7.91344486534128,97.7111709919018
1182,"Dipturus_falloargus","Dipturus falloargus",7.89882126834085,96.9763209540592
1183,"Rhinoraja_odai","Rhinoraja odai",7.79457616981379,100.032288955755
1184,"Bathyraja_smirnovi","Bathyraja smirnovi",7.73291787249209,98.7716797383166
1185,"Amblyraja_reversa","Amblyraja reversa",7.15553374161629,95.6060343873082
1186,"Amblyraja_hyperborea","Amblyraja hyperborea",7.1152990519142,95.7340098362585
1187,"Amblyraja_jenseni","Amblyraja jenseni",6.41050631756409,95.0412391915214
1188,"Amblyraja_badia","Amblyraja badia",6.39911256280563,95.1363623627031
1189,"Bathyraja_mariposa","Bathyraja mariposa",6.14029184605854,101.700930575615
1190,"Bathyraja_aguja","Bathyraja aguja",6.1128078830807,102.007234162246
1191,"Bathyraja_violacea","Bathyraja violacea",5.87859474036653,101.591853473307
1192,"Bathyraja_kincaidii","Bathyraja kincaidii",5.8715991912619,100.914732165859
