"species","Rank_ED","ED","Rank_min0","EvoHeritage_min0","Rank_min66","EvoHeritage_min66","Rank_min145","EvoHeritage_min145","change_min0_vs_ED","change_min66_vs_ED","change_min145_vs_ED","scientificname","valid_name","class","order","family","genus","major_group"
"Callorhinchus callorynchus",61,73.2875858724286,166,40.9305419778633,36,17.3565608696914,8,6.88498867293541,105,-25,-53,"Callorhinchus callorynchus","Callorhinchus callorynchus","Holocephali","Chimaeriformes","Callorhinchidae","Callorhinchus","chimaera"
"Callorhinchus milii",64,72.1392630339286,217,37.8932258009662,41,16.511793601592,12,5.83765633563927,153,-23,-52,"Callorhinchus milii","Callorhinchus milii","Holocephali","Chimaeriformes","Callorhinchidae","Callorhinchus","chimaera"
"Callorhinchus capensis",65,72.1392630339286,200,38.646719276993,43,16.2814424648106,17,5.37794458335223,135,-22,-48,"Callorhinchus capensis","Callorhinchus capensis","Holocephali","Chimaeriformes","Callorhinchidae","Callorhinchus","chimaera"
"Neoharriotta carri",122,55.4099624073126,192,38.9447944829705,53,14.5166153916602,34,3.63084682226389,70,-69,-88,"Neoharriotta carri","Neoharriotta carri","Holocephali","Chimaeriformes","Rhinochimaeridae","Neoharriotta","chimaera"
"Neoharriotta pinnata",84,64.4677129283126,90,49.1787335269225,61,13.8269933045139,39,3.51310302138362,6,-23,-45,"Neoharriotta pinnata","Neoharriotta pinnata","Holocephali","Chimaeriformes","Rhinochimaeridae","Neoharriotta","chimaera"
"Neoharriotta pumila",121,55.4099624073126,234,37.1793960043453,62,13.8087284963837,32,3.67673430328423,113,-59,-89,"Neoharriotta pumila","Neoharriotta pumila","Holocephali","Chimaeriformes","Rhinochimaeridae","Neoharriotta","chimaera"
"Harriotta raleighana",197,47.988532905646,313,33.5594853028848,65,13.4373956397742,58,2.60275479482134,116,-132,-139,"Harriotta raleighana","Harriotta raleighana","Holocephali","Chimaeriformes","Rhinochimaeridae","Harriotta","chimaera"
"Harriotta haeckeli",198,47.988532905646,278,34.9047615521743,66,13.2026981852561,50,2.86934600350928,80,-132,-148,"Harriotta haeckeli","Harriotta raleighana","Holocephali","Chimaeriformes","Rhinochimaeridae","Harriotta","chimaera"
"Rhinochimaera pacifica",111,57.744255677646,80,50.3983336052611,82,11.5996742951225,35,3.61273493717252,-31,-29,-76,"Rhinochimaera pacifica","Rhinochimaera pacifica","Holocephali","Chimaeriformes","Rhinochimaeridae","Rhinochimaera","chimaera"
"Chimaera phantasma",69,71.5656219418699,52,56.7145471330448,86,11.4505044203566,118,1.74976485669941,-17,17,49,"Chimaera phantasma","Chimaera phantasma","Holocephali","Chimaeriformes","Chimaeridae","Chimaera","chimaera"
"Rhinochimaera africana",179,48.995294337646,256,35.9395117593857,97,10.6519308558609,44,3.32333327563705,77,-82,-135,"Rhinochimaera africana","Rhinochimaera africana","Holocephali","Chimaeriformes","Rhinochimaeridae","Rhinochimaera","chimaera"
"Rhinochimaera atlantica",180,48.995294337646,237,36.8220066214625,101,10.3981235093778,41,3.42177891589439,57,-79,-139,"Rhinochimaera atlantica","Rhinochimaera atlantica","Holocephali","Chimaeriformes","Rhinochimaeridae","Rhinochimaera","chimaera"
"Hydrolagus deani",150,51.457969215255,172,40.6813517511165,151,7.92468724783556,63,2.52417099447963,22,1,-87,"Hydrolagus deani","Hydrolagus deani","Holocephali","Chimaeriformes","Chimaeridae","Hydrolagus","chimaera"
"Chimaera obscura",140,53.294145460255,131,43.625758512593,154,7.89815503392736,84,2.12354097022629,-9,14,-56,"Chimaera obscura","Chimaera obscura","Holocephali","Chimaeriformes","Chimaeridae","Chimaera","chimaera"
"Hydrolagus africanus",195,48.1113732933472,266,35.3888592892988,157,7.76801600699602,95,2.02250442877283,71,-38,-100,"Hydrolagus africanus","Hydrolagus africanus","Holocephali","Chimaeriformes","Chimaeridae","Hydrolagus","chimaera"
"Hydrolagus mitsukurii",194,48.1113732933472,213,38.0833612617977,169,7.42806833208655,115,1.78083742957343,19,-25,-79,"Hydrolagus mitsukurii","Hydrolagus mitsukurii","Holocephali","Chimaeriformes","Chimaeridae","Hydrolagus","chimaera"
"Hydrolagus colliei",333,39.2914552019217,408,29.4785578090008,175,7.26424738069708,91,2.07744570769376,75,-158,-242,"Hydrolagus colliei","Hydrolagus colliei","Holocephali","Chimaeriformes","Chimaeridae","Hydrolagus","chimaera"
"Hydrolagus eidolon",378,37.0188491329217,455,28.3728422139363,176,7.25274774831678,109,1.85827032393711,77,-202,-269,"Hydrolagus eidolon","Hydrolagus eidolon","Holocephali","Chimaeriformes","Chimaeridae","Hydrolagus","chimaera"
"Chimaera owstoni",379,36.9839995465365,498,27.2737076875987,177,7.19693824030226,140,1.61179865634744,119,-202,-239,"Chimaera owstoni","Chimaera owstoni","Holocephali","Chimaeriformes","Chimaeridae","Chimaera","chimaera"
"Hydrolagus homonycteris",377,37.0188491329217,478,27.6706525170425,180,7.16959992609586,92,2.0686354928541,101,-197,-285,"Hydrolagus homonycteris","Hydrolagus homonycteris","Holocephali","Chimaeriformes","Chimaeridae","Hydrolagus","chimaera"
"Platyrhinoidis triseriata",2,144.289532417262,2,86.0882753775993,1,39.3159032914086,2,10.8162474362767,0,-1,0,"Platyrhinoidis triseriata","Platyrhinoidis triseriata","Elasmobranchii","Torpediniformes","Platyrhinidae","Platyrhinoidis","ray"
"Zanobatus schoenleinii",1,192.517977687057,1,88.3373492053707,2,39.0845664626033,1,11.231925695106,0,1,0,"Zanobatus schoenleinii","Zanobatus schoenleinii","Elasmobranchii","Myliobatiformes","Zanobatidae","Zanobatus","ray"
"Hypnos monopterygius",3,142.750439551048,4,79.8975849930137,4,31.514449686493,15,5.5082025949691,1,1,12,"Hypnos monopterygius","Hypnos monopterygius","Elasmobranchii","Torpediniformes","Hypnidae","Hypnos","ray"
"Hexatrygon bickelli",4,138.947657969357,5,77.4443167802238,7,28.1351743918099,213,1.27557093263155,1,3,209,"Hexatrygon bickelli","Hexatrygon bickelli","Elasmobranchii","Myliobatiformes","Hexatrygonidae","Hexatrygon","ray"
"Zapteryx brevirostris",16,104.399019047004,9,74.7214437790442,8,26.88202425447,18,5.22166256334549,-7,-8,2,"Zapteryx brevirostris","Zapteryx brevirostris","Elasmobranchii","Rhinopristiformes","Trygonorrhinidae","Zapteryx","ray"
"Anoxypristis cuspidata",6,125.9208433425,7,75.9666816654408,9,26.8254738615311,59,2.5849294181462,1,3,53,"Anoxypristis cuspidata","Anoxypristis cuspidata","Elasmobranchii","Rhinopristiformes","Pristidae","Anoxypristis","ray"
"Rhina ancylostoma",15,106.454345188761,13,73.2420497988189,14,25.1129108913759,79,2.33076513119926,-2,-1,64,"Rhina ancylostoma","Rhina ancylostomus","Elasmobranchii","Rhinopristiformes","Rhinidae","Rhina","ray"
"Trygonorrhina melaleuca",22,99.2866774753372,21,68.3623113979055,16,23.030193729758,14,5.55570813535748,-1,-6,-8,"Trygonorrhina melaleuca","Trygonorrhina dumerilii","Elasmobranchii","Rhinopristiformes","Trygonorrhinidae","Trygonorrhina","ray"
"Plesiobatis daviesi",8,119.351624653795,16,71.5302715745735,17,22.6340063049022,473,0.504208863407163,8,9,465,"Plesiobatis daviesi","Plesiobatis daviesi","Elasmobranchii","Myliobatiformes","Plesiobatidae","Plesiobatis","ray"
"Pristis pristis",21,99.6509217549998,17,71.4723132147287,21,21.6981537926421,86,2.10687157704074,-4,0,65,"Pristis pristis","Pristis pristis","Elasmobranchii","Rhinopristiformes","Pristidae","Pristis","ray"
"Trygonorrhina fasciata",47,80.4209923553372,58,55.9057463863681,27,19.0094385074835,19,5.0892965069445,11,-20,-28,"Trygonorrhina fasciata","Trygonorrhina fasciata","Elasmobranchii","Rhinopristiformes","Trygonorrhinidae","Trygonorrhina","ray"
"Rhinobatos penggali",38,84.0319811630774,30,65.4404213465185,28,18.8862373363017,74,2.39646993654373,-8,-10,36,"Rhinobatos penggali","Rhinobatos penggali","Elasmobranchii","Rhinopristiformes","Rhinobatidae","Rhinobatos","ray"
"Trygonorrhina dumerilii",46,80.4209923553372,48,57.4169427760301,31,18.1176815068757,11,5.94584258891617,2,-15,-35,"Trygonorrhina dumerilii","Trygonorrhina dumerilii","Elasmobranchii","Rhinopristiformes","Trygonorrhinidae","Trygonorrhina","ray"
"Platyrhina hyugaensis",29,89.6606801305955,51,56.8003027563313,33,17.7621441169153,6,7.13170679287804,22,4,-23,"Platyrhina hyugaensis","Platyrhina hyugaensis","Elasmobranchii","Torpediniformes","Platyrhinidae","Platyrhina","ray"
"Aetobatus narinari",42,82.5191407171089,33,61.8684901373977,39,16.7559632479106,527,0.395026730039921,-9,-3,485,"Aetobatus narinari","Aetobatus narinari","Elasmobranchii","Myliobatiformes","Aetobatidae","Aetobatus","ray"
"Platyrhina sinensis",35,85.7130482180955,74,52.1986831607991,40,16.6464719788353,13,5.61314281330714,39,5,-22,"Platyrhina sinensis","Platyrhina sinensis","Elasmobranchii","Torpediniformes","Platyrhinidae","Platyrhina","ray"
"Aptychotrema vincentiana",55,74.4174995403372,47,57.8227449356213,42,16.4275785124611,30,3.82252177281587,-8,-13,-25,"Aptychotrema vincentiana","Aptychotrema vincentiana","Elasmobranchii","Rhinopristiformes","Trygonorrhinidae","Aptychotrema","ray"
"Pristis zijsron",43,80.9965445166664,34,61.8045785932074,45,15.8314463929186,62,2.5495802982487,-9,2,19,"Pristis zijsron","Pristis zijsron","Elasmobranchii","Rhinopristiformes","Pristidae","Pristis","ray"
"Pristis clavata",32,86.9477543016664,29,65.771373211046,46,15.7574846774028,72,2.40927504878832,-3,14,40,"Pristis clavata","Pristis clavata","Elasmobranchii","Rhinopristiformes","Pristidae","Pristis","ray"
"Zapteryx xyster",78,67.2176318030038,126,43.8518633942883,48,15.6511037164173,28,3.9701303328337,48,-30,-50,"Zapteryx xyster","Zapteryx xyster","Elasmobranchii","Rhinopristiformes","Trygonorrhinidae","Zapteryx","ray"
"Heterodontus francisci",7,120.577239087092,8,75.853956391848,3,32.4428418556581,3,9.88174609613658,1,-4,-4,"Heterodontus francisci","Heterodontus francisci","Elasmobranchii","Heterodontiformes","Heterodontidae","Heterodontus","shark"
"Mitsukurina owstoni",5,138.616999110635,3,81.9381804783703,5,29.9409127474861,31,3.75008434456861,-2,0,26,"Mitsukurina owstoni","Mitsukurina owstoni","Elasmobranchii","Lamniformes","Mitsukurinidae","Mitsukurina","shark"
"Notorynchus cepedianus",11,108.122896296644,12,73.8148252004901,6,28.9643411235372,9,6.24267693891554,1,-5,-2,"Notorynchus cepedianus","Notorynchus cepedianus","Elasmobranchii","Hexanchiformes","Hexanchidae","Notorynchus","shark"
"Pseudoginglymostoma brevicaudatum",19,102.561570455691,15,72.7168712536865,10,26.5696136024982,20,5.0558169922886,-4,-9,1,"Pseudoginglymostoma brevicaudatum","Pseudoginglymostoma brevicaudatum","Elasmobranchii","Orectolobiformes","Ginglymostomatidae","Pseudoginglymostoma","shark"
"Brachaelurus waddi",14,106.983319344262,6,75.968119208115,11,26.3353414350832,16,5.4015834057728,-8,-3,2,"Brachaelurus waddi","Brachaelurus waddi","Elasmobranchii","Orectolobiformes","Brachaeluridae","Brachaelurus","shark"
"Dalatias licha",24,98.6090018008094,19,70.6463589467758,12,25.6686712935167,184,1.36877940521987,-5,-12,160,"Dalatias licha","Dalatias licha","Elasmobranchii","Squaliformes","Dalatiidae","Dalatias","shark"
"Brachaelurus colcloughi",13,106.983319344262,10,74.2770806728851,13,25.2479759741452,10,5.95823801731953,-3,0,-3,"Brachaelurus colcloughi","Brachaelurus colcloughi","Elasmobranchii","Orectolobiformes","Brachaeluridae","Brachaelurus","shark"
"Carcharias taurus",9,110.368168349206,14,73.1204018461554,15,24.5827571689558,29,3.89900095410674,5,6,20,"Carcharias taurus","Carcharias taurus","Elasmobranchii","Lamniformes","Odontaspididae","Carcharias","shark"
"Alopias superciliosus",10,108.130378747778,18,71.1998245757383,18,22.5107839368468,24,4.21627187864933,8,8,14,"Alopias superciliosus","Alopias superciliosus","Elasmobranchii","Lamniformes","Alopiidae","Alopias","shark"
"Heterodontus mexicanus",17,103.119928327092,11,74.1771658850687,19,22.1567995525913,7,6.90291288069968,-6,2,-10,"Heterodontus mexicanus","Heterodontus mexicanus","Elasmobranchii","Heterodontiformes","Heterodontidae","Heterodontus","shark"
"Pliotrema warreni",23,98.6604630037834,27,66.4266105303699,20,22.0250951843652,73,2.4080006929852,4,-3,50,"Pliotrema warreni","Pliotrema warreni","Elasmobranchii","Pristiophoriformes","Pristiophoridae","Pliotrema","shark"
"Eucrossorhinus dasypogon",25,96.0110490042622,24,67.3229699462031,22,21.2666510326363,27,4.09191819016592,-1,-3,2,"Eucrossorhinus dasypogon","Eucrossorhinus dasypogon","Elasmobranchii","Orectolobiformes","Orectolobidae","Eucrossorhinus","shark"
"Cetorhinus maximus",20,100.944419104206,20,69.6695893493582,23,20.3296236435696,43,3.36860738010478,0,3,23,"Cetorhinus maximus","Cetorhinus maximus","Elasmobranchii","Lamniformes","Cetorhinidae","Cetorhinus","shark"
"Chlamydoselachus anguineus",33,86.620362642149,118,44.2362358821018,24,19.3351458348166,4,7.73883212837806,85,-9,-29,"Chlamydoselachus anguineus","Chlamydoselachus anguineus","Elasmobranchii","Hexanchiformes","Chlamydoselachidae","Chlamydoselachus","shark"
"Chlamydoselachus africana",34,86.620362642149,119,44.2362358821018,25,19.3351458348166,5,7.73883212837806,85,-9,-29,"Chlamydoselachus africana","Chlamydoselachus africana","Elasmobranchii","Hexanchiformes","Chlamydoselachidae","Chlamydoselachus","shark"
"Trigonognathus kabeyai",18,102.743378303653,22,67.9165905504409,26,19.3155082413862,251,1.1398716687174,4,8,233,"Trigonognathus kabeyai","Trigonognathus kabeyai","Elasmobranchii","Squaliformes","Etmopteridae","Trigonognathus","shark"
"Alopias pelagicus",28,91.3227227874443,28,66.1031777010132,29,18.6657335367834,48,3.10290023960803,0,1,20,"Alopias pelagicus","Alopias pelagicus","Elasmobranchii","Lamniformes","Alopiidae","Alopias","shark"
"Leptocharias smithii",12,107.871249574441,25,66.7882810337066,30,18.1595494076948,800,0.271251683084167,13,18,788,"Leptocharias smithii","Leptocharias smithii","Elasmobranchii","Carcharhiniformes","Leptochariidae","Leptocharias","shark"
"Alopias vulpinus",27,91.3227227874443,23,67.3450667004608,32,17.8244935254022,71,2.41287925911214,-4,5,44,"Alopias vulpinus","Alopias vulpinus","Elasmobranchii","Lamniformes","Alopiidae","Alopias","shark"
"Heptranchias perlo",45,80.786072691644,32,62.3515466352924,34,17.5766643016023,22,4.81098881986209,-13,-11,-23,"Heptranchias perlo","Heptranchias perlo","Elasmobranchii","Hexanchiformes","Hexanchidae","Heptranchias","shark"
